,coverage,num,experiment
0,0.029955539698311235,79,uniform_biased_RRT_biased_disconnected_no_fitler_wide_testing
1,0.028673524062184107,79,uniform_biased_RRT_biased_disconnected_no_filter_testing
2,0.03042686735434154,79,uniform_biased___disconnected_testing
3,0.019321230534392875,79,uniform_biased_RRT_biased_disconnected_filter_wide_testing
4,0.05839096005127401,79,uniform_biased_grid-walk_biased_disconnected_single_testing
5,0.01765881066174498,79,uniform_biased_RRT_biased_disconnected_filter_testing
6,0.020606644886048225,79,uniform_biased_grid-walk_biased_disconnected_multiple_testing
7,0.024746628858911573,93,uniform_biased_RRT_biased_disconnected_no_fitler_wide_testing
8,0.0247959462629757,93,uniform_biased_RRT_biased_disconnected_no_filter_testing
9,0.029114308180138302,93,uniform_biased___disconnected_testing
10,0.018966946702035466,93,uniform_biased_RRT_biased_disconnected_filter_wide_testing
11,0.06345544872953483,93,uniform_biased_grid-walk_biased_disconnected_single_testing
12,0.01784008525149625,93,uniform_biased_RRT_biased_disconnected_filter_testing
13,0.0191513592892877,93,uniform_biased_grid-walk_biased_disconnected_multiple_testing
14,0.02671808688041514,61,uniform_biased_RRT_biased_disconnected_no_fitler_wide_testing
15,0.03600239156385409,61,uniform_biased_RRT_biased_disconnected_no_filter_testing
16,0.02933905848681534,61,uniform_biased___disconnected_testing
17,0.021014561413552207,61,uniform_biased_RRT_biased_disconnected_filter_wide_testing
18,0.05409695272426447,61,uniform_biased_grid-walk_biased_disconnected_single_testing
19,0.018131112205940863,61,uniform_biased_RRT_biased_disconnected_filter_testing
20,0.017712216353070045,61,uniform_biased_grid-walk_biased_disconnected_multiple_testing
21,0.026716517294446504,24,uniform_biased_RRT_biased_disconnected_no_fitler_wide_testing
22,0.04967775398144886,24,uniform_biased_RRT_biased_disconnected_no_filter_testing
23,0.029534395871575338,24,uniform_biased___disconnected_testing
24,0.02048884103582222,24,uniform_biased_RRT_biased_disconnected_filter_wide_testing
25,0.06108375110310752,24,uniform_biased_grid-walk_biased_disconnected_single_testing
26,0.01850200250643675,24,uniform_biased_RRT_biased_disconnected_filter_testing
27,0.016927466596933106,24,uniform_biased_grid-walk_biased_disconnected_multiple_testing
28,0.021241805290592036,98,uniform_biased_RRT_biased_disconnected_no_fitler_wide_testing
29,0.04372725360073748,98,uniform_biased_RRT_biased_disconnected_no_filter_testing
30,0.029622286692559875,98,uniform_biased___disconnected_testing
31,0.020674398585309853,98,uniform_biased_RRT_biased_disconnected_filter_wide_testing
32,0.06825277076750699,98,uniform_biased_grid-walk_biased_disconnected_single_testing
33,0.019031564295403886,98,uniform_biased_RRT_biased_disconnected_filter_testing
34,0.01865529979183269,98,uniform_biased_grid-walk_biased_disconnected_multiple_testing
35,0.028225260871559226,67,uniform_biased_RRT_biased_disconnected_no_fitler_wide_testing
36,0.02275160391644826,67,uniform_biased_RRT_biased_disconnected_no_filter_testing
37,0.029000135600295438,67,uniform_biased___disconnected_testing
38,0.020494210343333232,67,uniform_biased_RRT_biased_disconnected_filter_wide_testing
39,1.511121862903148,67,uniform_biased_grid-walk_biased_disconnected_single_testing
40,0.020881035091153504,67,uniform_biased_RRT_biased_disconnected_filter_testing
41,0.018092888603312613,67,uniform_biased_grid-walk_biased_disconnected_multiple_testing
42,0.022787249619665283,45,uniform_biased_RRT_biased_disconnected_no_fitler_wide_testing
43,0.04012627945283236,45,uniform_biased_RRT_biased_disconnected_no_filter_testing
44,0.028776181918747937,45,uniform_biased___disconnected_testing
45,0.020221448527582453,45,uniform_biased_RRT_biased_disconnected_filter_wide_testing
46,0.05907904814165778,45,uniform_biased_grid-walk_biased_disconnected_single_testing
47,0.01981182424243115,45,uniform_biased_RRT_biased_disconnected_filter_testing
48,0.017798956385503547,45,uniform_biased_grid-walk_biased_disconnected_multiple_testing
49,0.02173793281431609,14,uniform_biased_RRT_biased_disconnected_no_fitler_wide_testing
50,0.03330700375303635,14,uniform_biased_RRT_biased_disconnected_no_filter_testing
51,0.030385958924557782,14,uniform_biased___disconnected_testing
52,0.020390335289524508,14,uniform_biased_RRT_biased_disconnected_filter_wide_testing
53,0.059692890574440195,14,uniform_biased_grid-walk_biased_disconnected_single_testing
54,0.0183406916538429,14,uniform_biased_RRT_biased_disconnected_filter_testing
55,0.01748110382490052,14,uniform_biased_grid-walk_biased_disconnected_multiple_testing
56,0.0509205055574281,50,uniform_biased_RRT_biased_disconnected_no_fitler_wide_testing
57,0.03909123272158788,50,uniform_biased_RRT_biased_disconnected_no_filter_testing
58,0.028985666500417107,50,uniform_biased___disconnected_testing
59,0.0207073074132552,50,uniform_biased_RRT_biased_disconnected_filter_wide_testing
60,0.062017555603839335,50,uniform_biased_grid-walk_biased_disconnected_single_testing
61,0.01786617401174515,50,uniform_biased_RRT_biased_disconnected_filter_testing
62,0.019543036274817308,50,uniform_biased_grid-walk_biased_disconnected_multiple_testing
63,0.026701628214092735,46,uniform_biased_RRT_biased_disconnected_no_fitler_wide_testing
64,0.030658732770420295,46,uniform_biased_RRT_biased_disconnected_no_filter_testing
65,0.028506168762246493,46,uniform_biased___disconnected_testing
66,0.022066874923366106,46,uniform_biased_RRT_biased_disconnected_filter_wide_testing
67,0.06323042037419893,46,uniform_biased_grid-walk_biased_disconnected_single_testing
68,0.01898090799251373,46,uniform_biased_RRT_biased_disconnected_filter_testing
69,0.01763834221350566,46,uniform_biased_grid-walk_biased_disconnected_multiple_testing
70,0.03741638456182686,81,uniform_biased_RRT_biased_disconnected_no_fitler_wide_testing
71,0.03180623565373691,81,uniform_biased_RRT_biased_disconnected_no_filter_testing
72,0.029578033017817352,81,uniform_biased___disconnected_testing
73,0.021604939011702483,81,uniform_biased_RRT_biased_disconnected_filter_wide_testing
74,0.060320650171491595,81,uniform_biased_grid-walk_biased_disconnected_single_testing
75,0.019550863085555027,81,uniform_biased_RRT_biased_disconnected_filter_testing
76,0.01773318158479094,81,uniform_biased_grid-walk_biased_disconnected_multiple_testing
77,0.04189457060425857,37,uniform_biased_RRT_biased_disconnected_no_fitler_wide_testing
78,0.024669068308099652,37,uniform_biased_RRT_biased_disconnected_no_filter_testing
79,0.02885251969756695,37,uniform_biased___disconnected_testing
80,0.019074216029040747,37,uniform_biased_RRT_biased_disconnected_filter_wide_testing
81,0.06530622134704134,37,uniform_biased_grid-walk_biased_disconnected_single_testing
82,0.0188138788787619,37,uniform_biased_RRT_biased_disconnected_filter_testing
83,0.016724145569456693,37,uniform_biased_grid-walk_biased_disconnected_multiple_testing
84,0.029225053000525567,13,uniform_biased_RRT_biased_disconnected_no_fitler_wide_testing
85,0.03335838091075505,13,uniform_biased_RRT_biased_disconnected_no_filter_testing
86,0.030315593493211248,13,uniform_biased___disconnected_testing
87,0.02034859007336775,13,uniform_biased_RRT_biased_disconnected_filter_wide_testing
88,0.05972947450693856,13,uniform_biased_grid-walk_biased_disconnected_single_testing
89,0.029653576498809387,13,uniform_biased_RRT_biased_disconnected_filter_testing
90,0.02126625466761092,13,uniform_biased_grid-walk_biased_disconnected_multiple_testing
91,0.023676771765412913,90,uniform_biased_RRT_biased_disconnected_no_fitler_wide_testing
92,0.032157431481416074,90,uniform_biased_RRT_biased_disconnected_no_filter_testing
93,0.029960151036741507,90,uniform_biased___disconnected_testing
94,0.01933174154123695,90,uniform_biased_RRT_biased_disconnected_filter_wide_testing
95,0.059123761977818524,90,uniform_biased_grid-walk_biased_disconnected_single_testing
96,0.017730283204554016,90,uniform_biased_RRT_biased_disconnected_filter_testing
97,0.018339920036813666,90,uniform_biased_grid-walk_biased_disconnected_multiple_testing
98,0.025087519248080725,6,uniform_biased_RRT_biased_disconnected_no_fitler_wide_testing
99,0.026072571969069078,6,uniform_biased_RRT_biased_disconnected_no_filter_testing
100,0.02965727470114684,6,uniform_biased___disconnected_testing
101,0.020927507748815976,6,uniform_biased_RRT_biased_disconnected_filter_wide_testing
102,0.05683881560884878,6,uniform_biased_grid-walk_biased_disconnected_single_testing
103,0.018604121703279127,6,uniform_biased_RRT_biased_disconnected_filter_testing
104,0.016721877563483242,6,uniform_biased_grid-walk_biased_disconnected_multiple_testing
105,0.02525680657694269,54,uniform_biased_RRT_biased_disconnected_no_fitler_wide_testing
106,0.028357880391745447,54,uniform_biased_RRT_biased_disconnected_no_filter_testing
107,0.029411712903842147,54,uniform_biased___disconnected_testing
108,0.021235231155265752,54,uniform_biased_RRT_biased_disconnected_filter_wide_testing
109,0.06156254760737196,54,uniform_biased_grid-walk_biased_disconnected_single_testing
110,0.01978094706747428,54,uniform_biased_RRT_biased_disconnected_filter_testing
111,0.01771857186006013,54,uniform_biased_grid-walk_biased_disconnected_multiple_testing
112,0.02497087527157943,16,uniform_biased_RRT_biased_disconnected_no_fitler_wide_testing
113,0.02602343279160524,16,uniform_biased_RRT_biased_disconnected_no_filter_testing
114,0.029233321545706188,16,uniform_biased___disconnected_testing
115,0.01984959108959663,16,uniform_biased_RRT_biased_disconnected_filter_wide_testing
116,0.0650987459719963,16,uniform_biased_grid-walk_biased_disconnected_single_testing
117,0.01924294002334064,16,uniform_biased_RRT_biased_disconnected_filter_testing
118,0.01848474008993675,16,uniform_biased_grid-walk_biased_disconnected_multiple_testing
119,0.0270149808310673,55,uniform_biased_RRT_biased_disconnected_no_fitler_wide_testing
120,0.02935866388978467,55,uniform_biased_RRT_biased_disconnected_no_filter_testing
121,0.029296358684137134,55,uniform_biased___disconnected_testing
122,0.01944618252267928,55,uniform_biased_RRT_biased_disconnected_filter_wide_testing
123,0.06035874126525357,55,uniform_biased_grid-walk_biased_disconnected_single_testing
124,0.02486909757051883,55,uniform_biased_RRT_biased_disconnected_filter_testing
125,0.01702770715425538,55,uniform_biased_grid-walk_biased_disconnected_multiple_testing
126,0.0252134010111861,99,uniform_biased_RRT_biased_disconnected_no_fitler_wide_testing
127,0.02835113736571644,99,uniform_biased_RRT_biased_disconnected_no_filter_testing
128,0.029137982374930493,99,uniform_biased___disconnected_testing
129,0.02297205420670663,99,uniform_biased_RRT_biased_disconnected_filter_wide_testing
130,0.05734384159942538,99,uniform_biased_grid-walk_biased_disconnected_single_testing
131,0.02265543988267058,99,uniform_biased_RRT_biased_disconnected_filter_testing
132,0.017560504990834745,99,uniform_biased_grid-walk_biased_disconnected_multiple_testing
133,0.023479574846673953,69,uniform_biased_RRT_biased_disconnected_no_fitler_wide_testing
134,0.030518116714581777,69,uniform_biased_RRT_biased_disconnected_no_filter_testing
135,0.030530219854703347,69,uniform_biased___disconnected_testing
136,0.020498801615952997,69,uniform_biased_RRT_biased_disconnected_filter_wide_testing
137,1.5169470279164707,69,uniform_biased_grid-walk_biased_disconnected_single_testing
138,0.021124878192853348,69,uniform_biased_RRT_biased_disconnected_filter_testing
139,0.018745063713217838,69,uniform_biased_grid-walk_biased_disconnected_multiple_testing
140,0.030440434342578235,39,uniform_biased_RRT_biased_disconnected_no_fitler_wide_testing
141,0.03148412369975382,39,uniform_biased_RRT_biased_disconnected_no_filter_testing
142,0.03153796906957277,39,uniform_biased___disconnected_testing
143,0.019221023942148075,39,uniform_biased_RRT_biased_disconnected_filter_wide_testing
144,0.057065876280817156,39,uniform_biased_grid-walk_biased_disconnected_single_testing
145,0.021318143148130447,39,uniform_biased_RRT_biased_disconnected_filter_testing
146,0.01804829550989679,39,uniform_biased_grid-walk_biased_disconnected_multiple_testing
147,0.024760575797596655,38,uniform_biased_RRT_biased_disconnected_no_fitler_wide_testing
148,0.033849541549291935,38,uniform_biased_RRT_biased_disconnected_no_filter_testing
149,0.028750670969819068,38,uniform_biased___disconnected_testing
150,0.019950913363043946,38,uniform_biased_RRT_biased_disconnected_filter_wide_testing
151,0.05870850319598867,38,uniform_biased_grid-walk_biased_disconnected_single_testing
152,0.01992860546433277,38,uniform_biased_RRT_biased_disconnected_filter_testing
153,0.019988617897954843,38,uniform_biased_grid-walk_biased_disconnected_multiple_testing
154,0.02296573055864801,1,uniform_biased_RRT_biased_disconnected_no_fitler_wide_testing
155,0.031928250710882386,1,uniform_biased_RRT_biased_disconnected_no_filter_testing
156,0.0303673217063337,1,uniform_biased___disconnected_testing
157,0.019444628990202124,1,uniform_biased_RRT_biased_disconnected_filter_wide_testing
158,1.5096339174252988,1,uniform_biased_grid-walk_biased_disconnected_single_testing
159,0.028641116083628192,1,uniform_biased_RRT_biased_disconnected_filter_testing
160,0.01611541116526301,1,uniform_biased_grid-walk_biased_disconnected_multiple_testing
161,0.030688459914790134,2,uniform_biased_RRT_biased_disconnected_no_fitler_wide_testing
162,0.024671943105168934,2,uniform_biased_RRT_biased_disconnected_no_filter_testing
163,0.030668956586228233,2,uniform_biased___disconnected_testing
164,0.019072159358821995,2,uniform_biased_RRT_biased_disconnected_filter_wide_testing
165,0.06501225821445022,2,uniform_biased_grid-walk_biased_disconnected_single_testing
166,0.024638595676959925,2,uniform_biased_RRT_biased_disconnected_filter_testing
167,0.018184494389584076,2,uniform_biased_grid-walk_biased_disconnected_multiple_testing
168,0.028643534423608535,33,uniform_biased_RRT_biased_disconnected_no_fitler_wide_testing
169,0.029366628373535004,33,uniform_biased_RRT_biased_disconnected_no_filter_testing
170,0.030657795344641452,33,uniform_biased___disconnected_testing
171,0.020430032284577904,33,uniform_biased_RRT_biased_disconnected_filter_wide_testing
172,0.05341843993826922,33,uniform_biased_grid-walk_biased_disconnected_single_testing
173,0.018109476646279255,33,uniform_biased_RRT_biased_disconnected_filter_testing
174,0.018280535481516254,33,uniform_biased_grid-walk_biased_disconnected_multiple_testing
175,0.03206760712131285,56,uniform_biased_RRT_biased_disconnected_no_fitler_wide_testing
176,0.025695313885650443,56,uniform_biased_RRT_biased_disconnected_no_filter_testing
177,0.029064327261722655,56,uniform_biased___disconnected_testing
178,0.019604423251212328,56,uniform_biased_RRT_biased_disconnected_filter_wide_testing
179,0.05921383699968038,56,uniform_biased_grid-walk_biased_disconnected_single_testing
180,0.018064260333784842,56,uniform_biased_RRT_biased_disconnected_filter_testing
181,0.017671088085259298,56,uniform_biased_grid-walk_biased_disconnected_multiple_testing
182,0.0260526569916297,96,uniform_biased_RRT_biased_disconnected_no_fitler_wide_testing
183,0.027817524003570997,96,uniform_biased_RRT_biased_disconnected_no_filter_testing
184,0.029321546721626124,96,uniform_biased___disconnected_testing
185,0.02006673707884322,96,uniform_biased_RRT_biased_disconnected_filter_wide_testing
186,0.09883470691405281,96,uniform_biased_grid-walk_biased_disconnected_single_testing
187,0.01809102751047921,96,uniform_biased_RRT_biased_disconnected_filter_testing
188,0.01928853887183019,96,uniform_biased_grid-walk_biased_disconnected_multiple_testing
189,0.025889381508423667,65,uniform_biased_RRT_biased_disconnected_no_fitler_wide_testing
190,0.0256909452109307,65,uniform_biased_RRT_biased_disconnected_no_filter_testing
191,0.03065149214755436,65,uniform_biased___disconnected_testing
192,0.020962978439489823,65,uniform_biased_RRT_biased_disconnected_filter_wide_testing
193,0.058304730436054455,65,uniform_biased_grid-walk_biased_disconnected_single_testing
194,0.02081104691740369,65,uniform_biased_RRT_biased_disconnected_filter_testing
195,0.01859867812181973,65,uniform_biased_grid-walk_biased_disconnected_multiple_testing
196,0.02884172490930287,60,uniform_biased_RRT_biased_disconnected_no_fitler_wide_testing
197,0.029725113736111995,60,uniform_biased_RRT_biased_disconnected_no_filter_testing
198,0.02908543336454013,60,uniform_biased___disconnected_testing
199,0.022108957860639357,60,uniform_biased_RRT_biased_disconnected_filter_wide_testing
200,0.05916739782069321,60,uniform_biased_grid-walk_biased_disconnected_single_testing
201,0.0176774658439319,60,uniform_biased_RRT_biased_disconnected_filter_testing
202,0.017136058928204953,60,uniform_biased_grid-walk_biased_disconnected_multiple_testing
203,0.023627839183206777,58,uniform_biased_RRT_biased_disconnected_no_fitler_wide_testing
204,0.02455018044384655,58,uniform_biased_RRT_biased_disconnected_no_filter_testing
205,0.029690844420002725,58,uniform_biased___disconnected_testing
206,0.01980314422185246,58,uniform_biased_RRT_biased_disconnected_filter_wide_testing
207,0.06084368095341913,58,uniform_biased_grid-walk_biased_disconnected_single_testing
208,0.0295834046069783,58,uniform_biased_RRT_biased_disconnected_filter_testing
209,0.0192228215493118,58,uniform_biased_grid-walk_biased_disconnected_multiple_testing
210,0.025051445454335148,77,uniform_biased_RRT_biased_disconnected_no_fitler_wide_testing
211,0.024569581208750354,77,uniform_biased_RRT_biased_disconnected_no_filter_testing
212,0.030043365681296338,77,uniform_biased___disconnected_testing
213,0.023294822688106537,77,uniform_biased_RRT_biased_disconnected_filter_wide_testing
214,0.058144796349162926,77,uniform_biased_grid-walk_biased_disconnected_single_testing
215,0.019221011571849713,77,uniform_biased_RRT_biased_disconnected_filter_testing
216,0.018041336760009404,77,uniform_biased_grid-walk_biased_disconnected_multiple_testing
217,0.028180607395270698,75,uniform_biased_RRT_biased_disconnected_no_fitler_wide_testing
218,0.029351448954774706,75,uniform_biased_RRT_biased_disconnected_no_filter_testing
219,0.029493267034117667,75,uniform_biased___disconnected_testing
220,0.021585185003357925,75,uniform_biased_RRT_biased_disconnected_filter_wide_testing
221,1.5160628241292173,75,uniform_biased_grid-walk_biased_disconnected_single_testing
222,0.019551321996261622,75,uniform_biased_RRT_biased_disconnected_filter_testing
223,0.017869926937969138,75,uniform_biased_grid-walk_biased_disconnected_multiple_testing
224,0.039988434319334236,29,uniform_biased_RRT_biased_disconnected_no_fitler_wide_testing
225,0.031989872229541576,29,uniform_biased_RRT_biased_disconnected_no_filter_testing
226,0.03090978022716215,29,uniform_biased___disconnected_testing
227,0.020784058199510163,29,uniform_biased_RRT_biased_disconnected_filter_wide_testing
228,1.5066344218315226,29,uniform_biased_grid-walk_biased_disconnected_single_testing
229,0.018078962496238592,29,uniform_biased_RRT_biased_disconnected_filter_testing
230,0.02078738510888781,29,uniform_biased_grid-walk_biased_disconnected_multiple_testing
231,0.022550817895861594,66,uniform_biased_RRT_biased_disconnected_no_fitler_wide_testing
232,0.02828439782099722,66,uniform_biased_RRT_biased_disconnected_no_filter_testing
233,0.028627471304359928,66,uniform_biased___disconnected_testing
234,0.02223498316807995,66,uniform_biased_RRT_biased_disconnected_filter_wide_testing
235,1.5115058723826365,66,uniform_biased_grid-walk_biased_disconnected_single_testing
236,0.019203009572285726,66,uniform_biased_RRT_biased_disconnected_filter_testing
237,0.017741545751420097,66,uniform_biased_grid-walk_biased_disconnected_multiple_testing
238,0.02894986977368684,22,uniform_biased_RRT_biased_disconnected_no_fitler_wide_testing
239,0.02469427328445453,22,uniform_biased_RRT_biased_disconnected_no_filter_testing
240,0.02937609982731783,22,uniform_biased___disconnected_testing
241,0.020495239512118242,22,uniform_biased_RRT_biased_disconnected_filter_wide_testing
242,0.07905654278881412,22,uniform_biased_grid-walk_biased_disconnected_single_testing
243,0.018353902963419672,22,uniform_biased_RRT_biased_disconnected_filter_testing
244,0.018153663709654665,22,uniform_biased_grid-walk_biased_disconnected_multiple_testing
245,0.025461953930741982,11,uniform_biased_RRT_biased_disconnected_no_fitler_wide_testing
246,0.033116414998762424,11,uniform_biased_RRT_biased_disconnected_no_filter_testing
247,0.030686642113781547,11,uniform_biased___disconnected_testing
248,0.020462349700666384,11,uniform_biased_RRT_biased_disconnected_filter_wide_testing
249,0.057774915355477574,11,uniform_biased_grid-walk_biased_disconnected_single_testing
250,0.022418387331957508,11,uniform_biased_RRT_biased_disconnected_filter_testing
251,0.017307218332667504,11,uniform_biased_grid-walk_biased_disconnected_multiple_testing
252,0.0225012143104659,89,uniform_biased_RRT_biased_disconnected_no_fitler_wide_testing
253,0.022301348605521493,89,uniform_biased_RRT_biased_disconnected_no_filter_testing
254,0.03073392939677911,89,uniform_biased___disconnected_testing
255,0.019882277410969523,89,uniform_biased_RRT_biased_disconnected_filter_wide_testing
256,1.5144119143128456,89,uniform_biased_grid-walk_biased_disconnected_single_testing
257,0.017866952132629198,89,uniform_biased_RRT_biased_disconnected_filter_testing
258,0.016797938452505757,89,uniform_biased_grid-walk_biased_disconnected_multiple_testing
259,0.033387868693953694,88,uniform_biased_RRT_biased_disconnected_no_fitler_wide_testing
260,0.026955941817001432,88,uniform_biased_RRT_biased_disconnected_no_filter_testing
261,0.030409291465972182,88,uniform_biased___disconnected_testing
262,0.0212698881482238,88,uniform_biased_RRT_biased_disconnected_filter_wide_testing
263,0.06576404754036595,88,uniform_biased_grid-walk_biased_disconnected_single_testing
264,0.01842770203052441,88,uniform_biased_RRT_biased_disconnected_filter_testing
265,0.017929738442050282,88,uniform_biased_grid-walk_biased_disconnected_multiple_testing
266,0.027533559354848615,40,uniform_biased_RRT_biased_disconnected_no_fitler_wide_testing
267,0.037780141649650385,40,uniform_biased_RRT_biased_disconnected_no_filter_testing
268,0.02974617757765045,40,uniform_biased___disconnected_testing
269,0.022830397384999243,40,uniform_biased_RRT_biased_disconnected_filter_wide_testing
270,1.5141976564660715,40,uniform_biased_grid-walk_biased_disconnected_single_testing
271,0.019462195249193598,40,uniform_biased_RRT_biased_disconnected_filter_testing
272,0.020655038273721744,40,uniform_biased_grid-walk_biased_disconnected_multiple_testing
273,0.024710875986359453,71,uniform_biased_RRT_biased_disconnected_no_fitler_wide_testing
274,0.048399270721058874,71,uniform_biased_RRT_biased_disconnected_no_filter_testing
275,0.02844011786604379,71,uniform_biased___disconnected_testing
276,0.022987046861229828,71,uniform_biased_RRT_biased_disconnected_filter_wide_testing
277,0.06287135646787984,71,uniform_biased_grid-walk_biased_disconnected_single_testing
278,0.025094565539381393,71,uniform_biased_RRT_biased_disconnected_filter_testing
279,0.016960360094831223,71,uniform_biased_grid-walk_biased_disconnected_multiple_testing
280,0.024439150011331713,30,uniform_biased_RRT_biased_disconnected_no_fitler_wide_testing
281,0.029401907117855286,30,uniform_biased_RRT_biased_disconnected_no_filter_testing
282,0.029039799695906827,30,uniform_biased___disconnected_testing
283,0.0202488029466066,30,uniform_biased_RRT_biased_disconnected_filter_wide_testing
284,0.06166357517237857,30,uniform_biased_grid-walk_biased_disconnected_single_testing
285,0.02053966802700822,30,uniform_biased_RRT_biased_disconnected_filter_testing
286,0.019074533670256254,30,uniform_biased_grid-walk_biased_disconnected_multiple_testing
287,0.029229461651389965,34,uniform_biased_RRT_biased_disconnected_no_fitler_wide_testing
288,0.025751542578577674,34,uniform_biased_RRT_biased_disconnected_no_filter_testing
289,0.029697891975302287,34,uniform_biased___disconnected_testing
290,0.019045732259050718,34,uniform_biased_RRT_biased_disconnected_filter_wide_testing
291,0.0631426263516079,34,uniform_biased_grid-walk_biased_disconnected_single_testing
292,0.019197098421494332,34,uniform_biased_RRT_biased_disconnected_filter_testing
293,0.018554972039691517,34,uniform_biased_grid-walk_biased_disconnected_multiple_testing
294,0.022317653370442083,19,uniform_biased_RRT_biased_disconnected_no_fitler_wide_testing
295,0.02687099585334854,19,uniform_biased_RRT_biased_disconnected_no_filter_testing
296,0.03124329273900544,19,uniform_biased___disconnected_testing
297,0.02095097632223541,19,uniform_biased_RRT_biased_disconnected_filter_wide_testing
298,0.06554447065971296,19,uniform_biased_grid-walk_biased_disconnected_single_testing
299,0.017903485987740435,19,uniform_biased_RRT_biased_disconnected_filter_testing
300,0.01687691225323829,19,uniform_biased_grid-walk_biased_disconnected_multiple_testing
301,0.025062878200987387,74,uniform_biased_RRT_biased_disconnected_no_fitler_wide_testing
302,0.024569335310557466,74,uniform_biased_RRT_biased_disconnected_no_filter_testing
303,0.0284849737365722,74,uniform_biased___disconnected_testing
304,0.02036383381928279,74,uniform_biased_RRT_biased_disconnected_filter_wide_testing
305,1.5110797772139366,74,uniform_biased_grid-walk_biased_disconnected_single_testing
306,0.018285233586438115,74,uniform_biased_RRT_biased_disconnected_filter_testing
307,0.017210708071662976,74,uniform_biased_grid-walk_biased_disconnected_multiple_testing
308,0.02302645616214741,91,uniform_biased_RRT_biased_disconnected_no_fitler_wide_testing
309,0.036871210401392365,91,uniform_biased_RRT_biased_disconnected_no_filter_testing
310,0.030282168206576365,91,uniform_biased___disconnected_testing
311,0.019793984335754872,91,uniform_biased_RRT_biased_disconnected_filter_wide_testing
312,1.5036032444341647,91,uniform_biased_grid-walk_biased_disconnected_single_testing
313,0.022272412349661028,91,uniform_biased_RRT_biased_disconnected_filter_testing
314,0.01851911205411393,91,uniform_biased_grid-walk_biased_disconnected_multiple_testing
315,0.02413937854914777,43,uniform_biased_RRT_biased_disconnected_no_fitler_wide_testing
316,0.03020739547693588,43,uniform_biased_RRT_biased_disconnected_no_filter_testing
317,0.0303879621325165,43,uniform_biased___disconnected_testing
318,0.02069718164948665,43,uniform_biased_RRT_biased_disconnected_filter_wide_testing
319,0.06471836752793222,43,uniform_biased_grid-walk_biased_disconnected_single_testing
320,0.01963174815038207,43,uniform_biased_RRT_biased_disconnected_filter_testing
321,0.019179541618920277,43,uniform_biased_grid-walk_biased_disconnected_multiple_testing
322,0.024784712542992898,31,uniform_biased_RRT_biased_disconnected_no_fitler_wide_testing
323,0.033067653867539626,31,uniform_biased_RRT_biased_disconnected_no_filter_testing
324,0.02934136557471706,31,uniform_biased___disconnected_testing
325,0.020845776779169087,31,uniform_biased_RRT_biased_disconnected_filter_wide_testing
326,1.504514251071149,31,uniform_biased_grid-walk_biased_disconnected_single_testing
327,0.018216294186347213,31,uniform_biased_RRT_biased_disconnected_filter_testing
328,0.017759341717815128,31,uniform_biased_grid-walk_biased_disconnected_multiple_testing
329,0.027255700397859538,57,uniform_biased_RRT_biased_disconnected_no_fitler_wide_testing
330,0.021861134796113298,57,uniform_biased_RRT_biased_disconnected_no_filter_testing
331,0.029473792961088333,57,uniform_biased___disconnected_testing
332,0.02075958824552556,57,uniform_biased_RRT_biased_disconnected_filter_wide_testing
333,0.061205925588289425,57,uniform_biased_grid-walk_biased_disconnected_single_testing
334,0.021138164230958476,57,uniform_biased_RRT_biased_disconnected_filter_testing
335,0.0169753113788442,57,uniform_biased_grid-walk_biased_disconnected_multiple_testing
336,0.02869567345423087,62,uniform_biased_RRT_biased_disconnected_no_fitler_wide_testing
337,0.029722418246758628,62,uniform_biased_RRT_biased_disconnected_no_filter_testing
338,0.02989118280940281,62,uniform_biased___disconnected_testing
339,0.019322136827032807,62,uniform_biased_RRT_biased_disconnected_filter_wide_testing
340,0.05697050669825289,62,uniform_biased_grid-walk_biased_disconnected_single_testing
341,0.01871977322453292,62,uniform_biased_RRT_biased_disconnected_filter_testing
342,0.017715025836827186,62,uniform_biased_grid-walk_biased_disconnected_multiple_testing
343,0.024758665096437187,84,uniform_biased_RRT_biased_disconnected_no_fitler_wide_testing
344,0.034308202914173476,84,uniform_biased_RRT_biased_disconnected_no_filter_testing
345,0.030671054117554206,84,uniform_biased___disconnected_testing
346,0.02165598870483124,84,uniform_biased_RRT_biased_disconnected_filter_wide_testing
347,1.5084281544052645,84,uniform_biased_grid-walk_biased_disconnected_single_testing
348,0.02018856598667122,84,uniform_biased_RRT_biased_disconnected_filter_testing
349,0.018727949588327034,84,uniform_biased_grid-walk_biased_disconnected_multiple_testing
350,0.022662542898939292,5,uniform_biased_RRT_biased_disconnected_no_fitler_wide_testing
351,0.0247138432591561,5,uniform_biased_RRT_biased_disconnected_no_filter_testing
352,0.02818564276507193,5,uniform_biased___disconnected_testing
353,0.02013355055456863,5,uniform_biased_RRT_biased_disconnected_filter_wide_testing
354,1.510673265848808,5,uniform_biased_grid-walk_biased_disconnected_single_testing
355,0.03830038070128828,5,uniform_biased_RRT_biased_disconnected_filter_testing
356,0.01808328040531029,5,uniform_biased_grid-walk_biased_disconnected_multiple_testing
357,0.023718426891996172,9,uniform_biased_RRT_biased_disconnected_no_fitler_wide_testing
358,0.02598224702688285,9,uniform_biased_RRT_biased_disconnected_no_filter_testing
359,0.02977875204663154,9,uniform_biased___disconnected_testing
360,0.021911089332732156,9,uniform_biased_RRT_biased_disconnected_filter_wide_testing
361,0.06036364368829855,9,uniform_biased_grid-walk_biased_disconnected_single_testing
362,0.019383103381835336,9,uniform_biased_RRT_biased_disconnected_filter_testing
363,0.017838172787312742,9,uniform_biased_grid-walk_biased_disconnected_multiple_testing
364,0.024894662784711894,47,uniform_biased_RRT_biased_disconnected_no_fitler_wide_testing
365,0.030352529940851764,47,uniform_biased_RRT_biased_disconnected_no_filter_testing
366,0.029744746193177372,47,uniform_biased___disconnected_testing
367,0.018919293649654383,47,uniform_biased_RRT_biased_disconnected_filter_wide_testing
368,0.05748702365969916,47,uniform_biased_grid-walk_biased_disconnected_single_testing
369,0.023133176127472517,47,uniform_biased_RRT_biased_disconnected_filter_testing
370,0.017925801086880955,47,uniform_biased_grid-walk_biased_disconnected_multiple_testing
371,0.027656508595151376,21,uniform_biased_RRT_biased_disconnected_no_fitler_wide_testing
372,0.024137861127788977,21,uniform_biased_RRT_biased_disconnected_no_filter_testing
373,0.030070906985474436,21,uniform_biased___disconnected_testing
374,0.02099398927205038,21,uniform_biased_RRT_biased_disconnected_filter_wide_testing
375,0.05353800273977133,21,uniform_biased_grid-walk_biased_disconnected_single_testing
376,0.0178558134505707,21,uniform_biased_RRT_biased_disconnected_filter_testing
377,0.01750762183627775,21,uniform_biased_grid-walk_biased_disconnected_multiple_testing
378,0.029236265457884575,26,uniform_biased_RRT_biased_disconnected_no_fitler_wide_testing
379,0.0362829720512221,26,uniform_biased_RRT_biased_disconnected_no_filter_testing
380,0.029521807336346694,26,uniform_biased___disconnected_testing
381,0.01954561487769776,26,uniform_biased_RRT_biased_disconnected_filter_wide_testing
382,0.061565315250889055,26,uniform_biased_grid-walk_biased_disconnected_single_testing
383,0.027596974014911173,26,uniform_biased_RRT_biased_disconnected_filter_testing
384,0.018148151261417028,26,uniform_biased_grid-walk_biased_disconnected_multiple_testing
385,0.03603587939091839,23,uniform_biased_RRT_biased_disconnected_no_fitler_wide_testing
386,0.024521226939862282,23,uniform_biased_RRT_biased_disconnected_no_filter_testing
387,0.03208918874908648,23,uniform_biased___disconnected_testing
388,0.0216759048479729,23,uniform_biased_RRT_biased_disconnected_filter_wide_testing
389,0.06444809903139274,23,uniform_biased_grid-walk_biased_disconnected_single_testing
390,0.018655147490166207,23,uniform_biased_RRT_biased_disconnected_filter_testing
391,0.018887722634446526,23,uniform_biased_grid-walk_biased_disconnected_multiple_testing
392,0.02451574506867396,70,uniform_biased_RRT_biased_disconnected_no_fitler_wide_testing
393,0.033654128449359326,70,uniform_biased_RRT_biased_disconnected_no_filter_testing
394,0.029446715618130396,70,uniform_biased___disconnected_testing
395,0.019780547433766622,70,uniform_biased_RRT_biased_disconnected_filter_wide_testing
396,0.05758213677026183,70,uniform_biased_grid-walk_biased_disconnected_single_testing
397,0.020499738827780122,70,uniform_biased_RRT_biased_disconnected_filter_testing
398,0.020993374590348515,70,uniform_biased_grid-walk_biased_disconnected_multiple_testing
399,0.026257632769042315,92,uniform_biased_RRT_biased_disconnected_no_fitler_wide_testing
400,0.02347824287115109,92,uniform_biased_RRT_biased_disconnected_no_filter_testing
401,0.02930647654881439,92,uniform_biased___disconnected_testing
402,0.024419809673841417,92,uniform_biased_RRT_biased_disconnected_filter_wide_testing
403,1.5023945752689414,92,uniform_biased_grid-walk_biased_disconnected_single_testing
404,0.020591790454684403,92,uniform_biased_RRT_biased_disconnected_filter_testing
405,0.017729499463427556,92,uniform_biased_grid-walk_biased_disconnected_multiple_testing
406,0.023440028681631343,72,uniform_biased_RRT_biased_disconnected_no_fitler_wide_testing
407,0.028935094293574787,72,uniform_biased_RRT_biased_disconnected_no_filter_testing
408,0.02920401705145737,72,uniform_biased___disconnected_testing
409,0.019371375084364827,72,uniform_biased_RRT_biased_disconnected_filter_wide_testing
410,0.06585781609339718,72,uniform_biased_grid-walk_biased_disconnected_single_testing
411,0.018570672378619427,72,uniform_biased_RRT_biased_disconnected_filter_testing
412,0.01744861875228908,72,uniform_biased_grid-walk_biased_disconnected_multiple_testing
413,0.028076286871839967,15,uniform_biased_RRT_biased_disconnected_no_fitler_wide_testing
414,0.03324694006407273,15,uniform_biased_RRT_biased_disconnected_no_filter_testing
415,0.029883406018070303,15,uniform_biased___disconnected_testing
416,0.020455513373750744,15,uniform_biased_RRT_biased_disconnected_filter_wide_testing
417,1.520256018707192,15,uniform_biased_grid-walk_biased_disconnected_single_testing
418,0.019174250803908575,15,uniform_biased_RRT_biased_disconnected_filter_testing
419,0.01915832310631162,15,uniform_biased_grid-walk_biased_disconnected_multiple_testing
420,0.03123882751952421,64,uniform_biased_RRT_biased_disconnected_no_fitler_wide_testing
421,0.036247030602480905,64,uniform_biased_RRT_biased_disconnected_no_filter_testing
422,0.030247419737304482,64,uniform_biased___disconnected_testing
423,0.02165956384625465,64,uniform_biased_RRT_biased_disconnected_filter_wide_testing
424,1.5106207738676818,64,uniform_biased_grid-walk_biased_disconnected_single_testing
425,0.018696892651128776,64,uniform_biased_RRT_biased_disconnected_filter_testing
426,0.017150324043236038,64,uniform_biased_grid-walk_biased_disconnected_multiple_testing
427,0.021390007331476075,95,uniform_biased_RRT_biased_disconnected_no_fitler_wide_testing
428,0.0299690809044224,95,uniform_biased_RRT_biased_disconnected_no_filter_testing
429,0.029008275620588494,95,uniform_biased___disconnected_testing
430,0.020474614581722735,95,uniform_biased_RRT_biased_disconnected_filter_wide_testing
431,0.06078268318745903,95,uniform_biased_grid-walk_biased_disconnected_single_testing
432,0.02365819268157332,95,uniform_biased_RRT_biased_disconnected_filter_testing
433,0.01794062047998297,95,uniform_biased_grid-walk_biased_disconnected_multiple_testing
434,0.026657014726205137,25,uniform_biased_RRT_biased_disconnected_no_fitler_wide_testing
435,0.024130721985611926,25,uniform_biased_RRT_biased_disconnected_no_filter_testing
436,0.029396165019816397,25,uniform_biased___disconnected_testing
437,0.02087874575424301,25,uniform_biased_RRT_biased_disconnected_filter_wide_testing
438,0.06423104899098799,25,uniform_biased_grid-walk_biased_disconnected_single_testing
439,0.018581948130503564,25,uniform_biased_RRT_biased_disconnected_filter_testing
440,0.018764002722519973,25,uniform_biased_grid-walk_biased_disconnected_multiple_testing
441,0.03654407878042502,36,uniform_biased_RRT_biased_disconnected_no_fitler_wide_testing
442,0.03517729223954952,36,uniform_biased_RRT_biased_disconnected_no_filter_testing
443,0.029061965269767006,36,uniform_biased___disconnected_testing
444,0.019782358749857062,36,uniform_biased_RRT_biased_disconnected_filter_wide_testing
445,1.511976561969984,36,uniform_biased_grid-walk_biased_disconnected_single_testing
446,0.017662242855584456,36,uniform_biased_RRT_biased_disconnected_filter_testing
447,0.01888049609397421,36,uniform_biased_grid-walk_biased_disconnected_multiple_testing
448,0.024393239593499857,83,uniform_biased_RRT_biased_disconnected_no_fitler_wide_testing
449,0.02480139970959594,83,uniform_biased_RRT_biased_disconnected_no_filter_testing
450,0.028969882449754646,83,uniform_biased___disconnected_testing
451,0.0190146059448566,83,uniform_biased_RRT_biased_disconnected_filter_wide_testing
452,0.06174277046274731,83,uniform_biased_grid-walk_biased_disconnected_single_testing
453,0.026212591933773764,83,uniform_biased_RRT_biased_disconnected_filter_testing
454,0.016730358629842765,83,uniform_biased_grid-walk_biased_disconnected_multiple_testing
455,0.027125349080792494,27,uniform_biased_RRT_biased_disconnected_no_fitler_wide_testing
456,0.03148740934901171,27,uniform_biased_RRT_biased_disconnected_no_filter_testing
457,0.031005006710365227,27,uniform_biased___disconnected_testing
458,0.019656974549345285,27,uniform_biased_RRT_biased_disconnected_filter_wide_testing
459,1.5110072926840297,27,uniform_biased_grid-walk_biased_disconnected_single_testing
460,0.02008205082625516,27,uniform_biased_RRT_biased_disconnected_filter_testing
461,0.01962984403190133,27,uniform_biased_grid-walk_biased_disconnected_multiple_testing
462,0.02233319663218643,4,uniform_biased_RRT_biased_disconnected_no_fitler_wide_testing
463,0.024674248698099456,4,uniform_biased_RRT_biased_disconnected_no_filter_testing
464,0.02918922017369077,4,uniform_biased___disconnected_testing
465,0.02020307753036555,4,uniform_biased_RRT_biased_disconnected_filter_wide_testing
466,1.509549304602042,4,uniform_biased_grid-walk_biased_disconnected_single_testing
467,0.03790294212089765,4,uniform_biased_RRT_biased_disconnected_filter_testing
468,0.017113820211351154,4,uniform_biased_grid-walk_biased_disconnected_multiple_testing
469,0.028906760718577385,12,uniform_biased_RRT_biased_disconnected_no_fitler_wide_testing
470,0.03970062939326097,12,uniform_biased_RRT_biased_disconnected_no_filter_testing
471,0.029567943759663824,12,uniform_biased___disconnected_testing
472,0.02071066475141136,12,uniform_biased_RRT_biased_disconnected_filter_wide_testing
473,0.057483281223298835,12,uniform_biased_grid-walk_biased_disconnected_single_testing
474,0.01846086289044643,12,uniform_biased_RRT_biased_disconnected_filter_testing
475,0.016715353758297583,12,uniform_biased_grid-walk_biased_disconnected_multiple_testing
476,0.027137443677480097,80,uniform_biased_RRT_biased_disconnected_no_fitler_wide_testing
477,0.029217132606797834,80,uniform_biased_RRT_biased_disconnected_no_filter_testing
478,0.02882499070036781,80,uniform_biased___disconnected_testing
479,0.019927977416711904,80,uniform_biased_RRT_biased_disconnected_filter_wide_testing
480,1.5064110706550968,80,uniform_biased_grid-walk_biased_disconnected_single_testing
481,0.02287757130176761,80,uniform_biased_RRT_biased_disconnected_filter_testing
482,0.01886757241943575,80,uniform_biased_grid-walk_biased_disconnected_multiple_testing
483,0.027192523505518682,78,uniform_biased_RRT_biased_disconnected_no_fitler_wide_testing
484,0.02592292010068304,78,uniform_biased_RRT_biased_disconnected_no_filter_testing
485,0.029989571921593825,78,uniform_biased___disconnected_testing
486,0.021278683029133088,78,uniform_biased_RRT_biased_disconnected_filter_wide_testing
487,0.06648302935704246,78,uniform_biased_grid-walk_biased_disconnected_single_testing
488,0.028177395860926702,78,uniform_biased_RRT_biased_disconnected_filter_testing
489,0.0175179590338554,78,uniform_biased_grid-walk_biased_disconnected_multiple_testing
490,0.021877649313571584,87,uniform_biased_RRT_biased_disconnected_no_fitler_wide_testing
491,0.02200517584263394,87,uniform_biased_RRT_biased_disconnected_no_filter_testing
492,0.0293614220949725,87,uniform_biased___disconnected_testing
493,0.02034996487772206,87,uniform_biased_RRT_biased_disconnected_filter_wide_testing
494,0.057393709690402445,87,uniform_biased_grid-walk_biased_disconnected_single_testing
495,0.020693343893919865,87,uniform_biased_RRT_biased_disconnected_filter_testing
496,0.017096242263526722,87,uniform_biased_grid-walk_biased_disconnected_multiple_testing
497,0.027054230169115515,42,uniform_biased_RRT_biased_disconnected_no_fitler_wide_testing
498,0.038938758217657736,42,uniform_biased_RRT_biased_disconnected_no_filter_testing
499,0.02979915834095742,42,uniform_biased___disconnected_testing
500,0.021427987034297075,42,uniform_biased_RRT_biased_disconnected_filter_wide_testing
501,0.058555266499959284,42,uniform_biased_grid-walk_biased_disconnected_single_testing
502,0.01936145574566528,42,uniform_biased_RRT_biased_disconnected_filter_testing
503,0.018523306545564944,42,uniform_biased_grid-walk_biased_disconnected_multiple_testing
504,0.02296197378512116,10,uniform_biased_RRT_biased_disconnected_no_fitler_wide_testing
505,0.030160558517314928,10,uniform_biased_RRT_biased_disconnected_no_filter_testing
506,0.030140897549837946,10,uniform_biased___disconnected_testing
507,0.020041137652779185,10,uniform_biased_RRT_biased_disconnected_filter_wide_testing
508,0.06062111526773183,10,uniform_biased_grid-walk_biased_disconnected_single_testing
509,0.021783553329714645,10,uniform_biased_RRT_biased_disconnected_filter_testing
510,0.020908639294859557,10,uniform_biased_grid-walk_biased_disconnected_multiple_testing
511,0.024966925765170737,3,uniform_biased_RRT_biased_disconnected_no_fitler_wide_testing
512,0.03456135000485316,3,uniform_biased_RRT_biased_disconnected_no_filter_testing
513,0.03181694797626108,3,uniform_biased___disconnected_testing
514,0.019822430491986957,3,uniform_biased_RRT_biased_disconnected_filter_wide_testing
515,1.4996403795488515,3,uniform_biased_grid-walk_biased_disconnected_single_testing
516,0.0179259801956491,3,uniform_biased_RRT_biased_disconnected_filter_testing
517,0.018278308209705364,3,uniform_biased_grid-walk_biased_disconnected_multiple_testing
518,0.024689523610727713,28,uniform_biased_RRT_biased_disconnected_no_fitler_wide_testing
519,0.0217503643398451,28,uniform_biased_RRT_biased_disconnected_no_filter_testing
520,0.0286931609262079,28,uniform_biased___disconnected_testing
521,0.01942814927555292,28,uniform_biased_RRT_biased_disconnected_filter_wide_testing
522,0.06433671190691502,28,uniform_biased_grid-walk_biased_disconnected_single_testing
523,0.01884316912956185,28,uniform_biased_RRT_biased_disconnected_filter_testing
524,0.018770754290754768,28,uniform_biased_grid-walk_biased_disconnected_multiple_testing
525,0.02481896295477456,8,uniform_biased_RRT_biased_disconnected_no_fitler_wide_testing
526,0.040564973020257765,8,uniform_biased_RRT_biased_disconnected_no_filter_testing
527,0.02926028799014106,8,uniform_biased___disconnected_testing
528,0.020069720677779384,8,uniform_biased_RRT_biased_disconnected_filter_wide_testing
529,0.13127046673352397,8,uniform_biased_grid-walk_biased_disconnected_single_testing
530,0.02179499370578669,8,uniform_biased_RRT_biased_disconnected_filter_testing
531,0.019401787630022243,8,uniform_biased_grid-walk_biased_disconnected_multiple_testing
532,0.02363231838809328,68,uniform_biased_RRT_biased_disconnected_no_fitler_wide_testing
533,0.024340133586470303,68,uniform_biased_RRT_biased_disconnected_no_filter_testing
534,0.03194334478252983,68,uniform_biased___disconnected_testing
535,0.02063092334450041,68,uniform_biased_RRT_biased_disconnected_filter_wide_testing
536,1.5067084076279365,68,uniform_biased_grid-walk_biased_disconnected_single_testing
537,0.021295113243932576,68,uniform_biased_RRT_biased_disconnected_filter_testing
538,0.018683375535985022,68,uniform_biased_grid-walk_biased_disconnected_multiple_testing
539,0.02568854383193634,41,uniform_biased_RRT_biased_disconnected_no_fitler_wide_testing
540,0.025558868470824583,41,uniform_biased_RRT_biased_disconnected_no_filter_testing
541,0.028286560893134884,41,uniform_biased___disconnected_testing
542,0.019747070281299444,41,uniform_biased_RRT_biased_disconnected_filter_wide_testing
543,1.5028001167122425,41,uniform_biased_grid-walk_biased_disconnected_single_testing
544,0.018347983401416218,41,uniform_biased_RRT_biased_disconnected_filter_testing
545,0.01918822993667206,41,uniform_biased_grid-walk_biased_disconnected_multiple_testing
546,0.02694611248986251,7,uniform_biased_RRT_biased_disconnected_no_fitler_wide_testing
547,0.02646617810915952,7,uniform_biased_RRT_biased_disconnected_no_filter_testing
548,0.02796494052741548,7,uniform_biased___disconnected_testing
549,0.02160474204315573,7,uniform_biased_RRT_biased_disconnected_filter_wide_testing
550,0.05914389829281959,7,uniform_biased_grid-walk_biased_disconnected_single_testing
551,0.01858877625980658,7,uniform_biased_RRT_biased_disconnected_filter_testing
552,0.018927323217805953,7,uniform_biased_grid-walk_biased_disconnected_multiple_testing
553,0.03189531903714884,63,uniform_biased_RRT_biased_disconnected_no_fitler_wide_testing
554,0.04467452008572265,63,uniform_biased_RRT_biased_disconnected_no_filter_testing
555,0.02851336544930373,63,uniform_biased___disconnected_testing
556,0.02061507457448002,63,uniform_biased_RRT_biased_disconnected_filter_wide_testing
557,0.0707858664744507,63,uniform_biased_grid-walk_biased_disconnected_single_testing
558,0.017933498843854,63,uniform_biased_RRT_biased_disconnected_filter_testing
559,0.01763723673966057,63,uniform_biased_grid-walk_biased_disconnected_multiple_testing
560,0.027654806743623216,48,uniform_biased_RRT_biased_disconnected_no_fitler_wide_testing
561,0.029714936480369204,48,uniform_biased_RRT_biased_disconnected_no_filter_testing
562,0.03003713495874577,48,uniform_biased___disconnected_testing
563,0.02038867391135461,48,uniform_biased_RRT_biased_disconnected_filter_wide_testing
564,0.059559310372983454,48,uniform_biased_grid-walk_biased_disconnected_single_testing
565,0.02037831901404345,48,uniform_biased_RRT_biased_disconnected_filter_testing
566,0.019449097880601236,48,uniform_biased_grid-walk_biased_disconnected_multiple_testing
567,0.02356968471984199,86,uniform_biased_RRT_biased_disconnected_no_fitler_wide_testing
568,0.031532853743341645,86,uniform_biased_RRT_biased_disconnected_no_filter_testing
569,0.030159088621273155,86,uniform_biased___disconnected_testing
570,0.02124076465286994,86,uniform_biased_RRT_biased_disconnected_filter_wide_testing
571,0.06233122940369446,86,uniform_biased_grid-walk_biased_disconnected_single_testing
572,0.023199177232234577,86,uniform_biased_RRT_biased_disconnected_filter_testing
573,0.017941791591258104,86,uniform_biased_grid-walk_biased_disconnected_multiple_testing
574,0.028690838610948226,59,uniform_biased_RRT_biased_disconnected_no_fitler_wide_testing
575,0.0262197672856355,59,uniform_biased_RRT_biased_disconnected_no_filter_testing
576,0.029652417900327806,59,uniform_biased___disconnected_testing
577,0.019248141738234824,59,uniform_biased_RRT_biased_disconnected_filter_wide_testing
578,1.5081918983851585,59,uniform_biased_grid-walk_biased_disconnected_single_testing
579,0.02710478475403263,59,uniform_biased_RRT_biased_disconnected_filter_testing
580,0.017936394835218562,59,uniform_biased_grid-walk_biased_disconnected_multiple_testing
581,0.024011117806998765,53,uniform_biased_RRT_biased_disconnected_no_fitler_wide_testing
582,0.024678439425742597,53,uniform_biased_RRT_biased_disconnected_no_filter_testing
583,0.029370173207319335,53,uniform_biased___disconnected_testing
584,0.020391456197474872,53,uniform_biased_RRT_biased_disconnected_filter_wide_testing
585,0.24034312346734452,53,uniform_biased_grid-walk_biased_disconnected_single_testing
586,0.016601820563974638,53,uniform_biased_RRT_biased_disconnected_filter_testing
587,0.01718854545358622,53,uniform_biased_grid-walk_biased_disconnected_multiple_testing
588,0.023396187868546563,44,uniform_biased_RRT_biased_disconnected_no_fitler_wide_testing
589,0.029400709900655273,44,uniform_biased_RRT_biased_disconnected_no_filter_testing
590,0.029403068853276034,44,uniform_biased___disconnected_testing
591,0.02140271599826478,44,uniform_biased_RRT_biased_disconnected_filter_wide_testing
592,0.06682940542642289,44,uniform_biased_grid-walk_biased_disconnected_single_testing
593,0.03479397415933503,44,uniform_biased_RRT_biased_disconnected_filter_testing
594,0.02086126401445651,44,uniform_biased_grid-walk_biased_disconnected_multiple_testing
595,0.02752341700467806,97,uniform_biased_RRT_biased_disconnected_no_fitler_wide_testing
596,0.03228841817609556,97,uniform_biased_RRT_biased_disconnected_no_filter_testing
597,0.027521777151326945,97,uniform_biased___disconnected_testing
598,0.019499913350897794,97,uniform_biased_RRT_biased_disconnected_filter_wide_testing
599,1.5064351115479273,97,uniform_biased_grid-walk_biased_disconnected_single_testing
600,0.018548733084700467,97,uniform_biased_RRT_biased_disconnected_filter_testing
601,0.01901366419177543,97,uniform_biased_grid-walk_biased_disconnected_multiple_testing
602,0.024779983947072468,51,uniform_biased_RRT_biased_disconnected_no_fitler_wide_testing
603,0.026865083229927346,51,uniform_biased_RRT_biased_disconnected_no_filter_testing
604,0.029812331736189128,51,uniform_biased___disconnected_testing
605,0.020589519011816715,51,uniform_biased_RRT_biased_disconnected_filter_wide_testing
606,1.5065032901386846,51,uniform_biased_grid-walk_biased_disconnected_single_testing
607,0.02008710927773107,51,uniform_biased_RRT_biased_disconnected_filter_testing
608,0.01826969740904126,51,uniform_biased_grid-walk_biased_disconnected_multiple_testing
609,0.026987680633876368,17,uniform_biased_RRT_biased_disconnected_no_fitler_wide_testing
610,0.027170680439086242,17,uniform_biased_RRT_biased_disconnected_no_filter_testing
611,0.030340278222199066,17,uniform_biased___disconnected_testing
612,0.0210634801897049,17,uniform_biased_RRT_biased_disconnected_filter_wide_testing
613,0.05923228694830459,17,uniform_biased_grid-walk_biased_disconnected_single_testing
614,0.01875616299126459,17,uniform_biased_RRT_biased_disconnected_filter_testing
615,0.016543847525217283,17,uniform_biased_grid-walk_biased_disconnected_multiple_testing
616,0.028186789688767602,85,uniform_biased_RRT_biased_disconnected_no_fitler_wide_testing
617,0.028253797141104108,85,uniform_biased_RRT_biased_disconnected_no_filter_testing
618,0.029529174099258454,85,uniform_biased___disconnected_testing
619,0.01982636952431424,85,uniform_biased_RRT_biased_disconnected_filter_wide_testing
620,0.057578090230149044,85,uniform_biased_grid-walk_biased_disconnected_single_testing
621,0.018805676246109144,85,uniform_biased_RRT_biased_disconnected_filter_testing
622,0.018992190801994435,85,uniform_biased_grid-walk_biased_disconnected_multiple_testing
623,0.024465573425324624,52,uniform_biased_RRT_biased_disconnected_no_fitler_wide_testing
624,0.0349397010938528,52,uniform_biased_RRT_biased_disconnected_no_filter_testing
625,0.030269359716851556,52,uniform_biased___disconnected_testing
626,0.019839055064485217,52,uniform_biased_RRT_biased_disconnected_filter_wide_testing
627,0.05377789400579309,52,uniform_biased_grid-walk_biased_disconnected_single_testing
628,0.0179179290970993,52,uniform_biased_RRT_biased_disconnected_filter_testing
629,0.02082077460198176,52,uniform_biased_grid-walk_biased_disconnected_multiple_testing
630,0.02565360573111006,20,uniform_biased_RRT_biased_disconnected_no_fitler_wide_testing
631,0.034353185725341004,20,uniform_biased_RRT_biased_disconnected_no_filter_testing
632,0.030570439733206285,20,uniform_biased___disconnected_testing
633,0.02206066150217074,20,uniform_biased_RRT_biased_disconnected_filter_wide_testing
634,1.511560186882999,20,uniform_biased_grid-walk_biased_disconnected_single_testing
635,0.02748725219948219,20,uniform_biased_RRT_biased_disconnected_filter_testing
636,0.017039129737642544,20,uniform_biased_grid-walk_biased_disconnected_multiple_testing
637,0.03172646451575386,35,uniform_biased_RRT_biased_disconnected_no_fitler_wide_testing
638,0.025467899564097018,35,uniform_biased_RRT_biased_disconnected_no_filter_testing
639,0.030120799842677865,35,uniform_biased___disconnected_testing
640,0.02033018202114257,35,uniform_biased_RRT_biased_disconnected_filter_wide_testing
641,0.06247693588904334,35,uniform_biased_grid-walk_biased_disconnected_single_testing
642,0.018953820471776316,35,uniform_biased_RRT_biased_disconnected_filter_testing
643,0.01812155734393268,35,uniform_biased_grid-walk_biased_disconnected_multiple_testing
644,0.02466989769853629,32,uniform_biased_RRT_biased_disconnected_no_fitler_wide_testing
645,0.02404333445685732,32,uniform_biased_RRT_biased_disconnected_no_filter_testing
646,0.029094330285473268,32,uniform_biased___disconnected_testing
647,0.02159612425592904,32,uniform_biased_RRT_biased_disconnected_filter_wide_testing
648,0.06342583096408111,32,uniform_biased_grid-walk_biased_disconnected_single_testing
649,0.01801359083777688,32,uniform_biased_RRT_biased_disconnected_filter_testing
650,0.019514810797643434,32,uniform_biased_grid-walk_biased_disconnected_multiple_testing
651,0.03435719416459481,94,uniform_biased_RRT_biased_disconnected_no_fitler_wide_testing
652,0.031441911325689735,94,uniform_biased_RRT_biased_disconnected_no_filter_testing
653,0.029208902370671416,94,uniform_biased___disconnected_testing
654,0.02051165754655698,94,uniform_biased_RRT_biased_disconnected_filter_wide_testing
655,0.06090746646588754,94,uniform_biased_grid-walk_biased_disconnected_single_testing
656,0.02244401967934341,94,uniform_biased_RRT_biased_disconnected_filter_testing
657,0.018532729586467088,94,uniform_biased_grid-walk_biased_disconnected_multiple_testing
658,0.027076963226283557,49,uniform_biased_RRT_biased_disconnected_no_fitler_wide_testing
659,0.039618349742358214,49,uniform_biased_RRT_biased_disconnected_no_filter_testing
660,0.0292801900107192,49,uniform_biased___disconnected_testing
661,0.02349252651294295,49,uniform_biased_RRT_biased_disconnected_filter_wide_testing
662,0.06435287216839557,49,uniform_biased_grid-walk_biased_disconnected_single_testing
663,0.017498992940538322,49,uniform_biased_RRT_biased_disconnected_filter_testing
664,0.018894971857161227,49,uniform_biased_grid-walk_biased_disconnected_multiple_testing
665,0.022294910912735118,76,uniform_biased_RRT_biased_disconnected_no_fitler_wide_testing
666,0.024895187985298464,76,uniform_biased_RRT_biased_disconnected_no_filter_testing
667,0.028550843629989008,76,uniform_biased___disconnected_testing
668,0.020425249580915586,76,uniform_biased_RRT_biased_disconnected_filter_wide_testing
669,1.5012126531161134,76,uniform_biased_grid-walk_biased_disconnected_single_testing
670,0.018964447404339797,76,uniform_biased_RRT_biased_disconnected_filter_testing
671,0.015813334256060473,76,uniform_biased_grid-walk_biased_disconnected_multiple_testing
672,0.0295717205015604,82,uniform_biased_RRT_biased_disconnected_no_fitler_wide_testing
673,0.02836329801825861,82,uniform_biased_RRT_biased_disconnected_no_filter_testing
674,0.03016670576877575,82,uniform_biased___disconnected_testing
675,0.024020762952473025,82,uniform_biased_RRT_biased_disconnected_filter_wide_testing
676,0.058407373801789175,82,uniform_biased_grid-walk_biased_disconnected_single_testing
677,0.022011151673563826,82,uniform_biased_RRT_biased_disconnected_filter_testing
678,0.019224572954443096,82,uniform_biased_grid-walk_biased_disconnected_multiple_testing
679,0.023220584867721966,18,uniform_biased_RRT_biased_disconnected_no_fitler_wide_testing
680,0.02962614575485027,18,uniform_biased_RRT_biased_disconnected_no_filter_testing
681,0.02942846766579863,18,uniform_biased___disconnected_testing
682,0.022186758831039762,18,uniform_biased_RRT_biased_disconnected_filter_wide_testing
683,0.0641090596271315,18,uniform_biased_grid-walk_biased_disconnected_single_testing
684,0.019385675126144378,18,uniform_biased_RRT_biased_disconnected_filter_testing
685,0.01763100033713808,18,uniform_biased_grid-walk_biased_disconnected_multiple_testing
686,0.024747805827385394,0,uniform_biased_RRT_biased_disconnected_no_fitler_wide_testing
687,0.040011409248967594,0,uniform_biased_RRT_biased_disconnected_no_filter_testing
688,0.02969410333793187,0,uniform_biased___disconnected_testing
689,0.01994583145316604,0,uniform_biased_RRT_biased_disconnected_filter_wide_testing
690,0.05425899816176816,0,uniform_biased_grid-walk_biased_disconnected_single_testing
691,0.025129274399761113,0,uniform_biased_RRT_biased_disconnected_filter_testing
692,0.018032372412065983,0,uniform_biased_grid-walk_biased_disconnected_multiple_testing
693,0.027346628001196204,73,uniform_biased_RRT_biased_disconnected_no_fitler_wide_testing
694,0.02502165003047934,73,uniform_biased_RRT_biased_disconnected_no_filter_testing
695,0.030987398581844253,73,uniform_biased___disconnected_testing
696,0.018695244598415633,73,uniform_biased_RRT_biased_disconnected_filter_wide_testing
697,1.5029908880876153,73,uniform_biased_grid-walk_biased_disconnected_single_testing
698,0.018647757748712,73,uniform_biased_RRT_biased_disconnected_filter_testing
699,0.017686219945964955,73,uniform_biased_grid-walk_biased_disconnected_multiple_testing
