,experiment,num,entropy
0,reference_sphere___disconnected_testing,0,1.1692736492530853
1,reference_sphere___disconnected_testing,1,1.188096757170031
2,reference_sphere___disconnected_testing,10,1.1837355781939056
3,reference_sphere___disconnected_testing,11,1.1728165338416416
4,reference_sphere___disconnected_testing,12,1.1828217859793697
5,reference_sphere___disconnected_testing,13,1.1831423582715714
6,reference_sphere___disconnected_testing,14,1.1823240058854219
7,reference_sphere___disconnected_testing,15,1.1753177920057585
8,reference_sphere___disconnected_testing,16,1.1922320210050008
9,reference_sphere___disconnected_testing,17,1.188916434410167
10,reference_sphere___disconnected_testing,18,1.1994976761937262
11,reference_sphere___disconnected_testing,19,1.1965809136799128
12,reference_sphere___disconnected_testing,2,1.1962782517110042
13,reference_sphere___disconnected_testing,20,1.1870305308329963
14,reference_sphere___disconnected_testing,21,1.1698688494697589
15,reference_sphere___disconnected_testing,22,1.1863183916289657
16,reference_sphere___disconnected_testing,23,1.1863902786959553
17,reference_sphere___disconnected_testing,24,1.183681764716925
18,reference_sphere___disconnected_testing,25,1.1901342039427782
19,reference_sphere___disconnected_testing,26,1.1919727757660248
20,reference_sphere___disconnected_testing,27,1.1873412814682314
21,reference_sphere___disconnected_testing,28,1.1854558758503522
22,reference_sphere___disconnected_testing,29,1.1948543610079532
23,reference_sphere___disconnected_testing,3,1.19641356374592
24,reference_sphere___disconnected_testing,30,1.182094773200889
25,reference_sphere___disconnected_testing,31,1.1936023228055628
26,reference_sphere___disconnected_testing,32,1.1883098556586251
27,reference_sphere___disconnected_testing,33,1.1735245317297314
28,reference_sphere___disconnected_testing,34,1.1932695914003972
29,reference_sphere___disconnected_testing,35,1.1967004527536924
30,reference_sphere___disconnected_testing,36,1.18196669988952
31,reference_sphere___disconnected_testing,37,1.1976717500515588
32,reference_sphere___disconnected_testing,38,1.1860414568971325
33,reference_sphere___disconnected_testing,39,1.1803512116908608
34,reference_sphere___disconnected_testing,4,1.1919408424935096
35,reference_sphere___disconnected_testing,40,1.1866140196445476
36,reference_sphere___disconnected_testing,41,1.1955194693235043
37,reference_sphere___disconnected_testing,42,1.1879674553442108
38,reference_sphere___disconnected_testing,43,1.1915268220382025
39,reference_sphere___disconnected_testing,44,1.1951087929064648
40,reference_sphere___disconnected_testing,45,1.178026516318685
41,reference_sphere___disconnected_testing,46,1.192577662196292
42,reference_sphere___disconnected_testing,47,1.1795642669190975
43,reference_sphere___disconnected_testing,48,1.1930216661882997
44,reference_sphere___disconnected_testing,49,1.1932015490085335
45,reference_sphere___disconnected_testing,5,1.177157527195033
46,reference_sphere___disconnected_testing,50,1.1824569940703882
47,reference_sphere___disconnected_testing,51,1.1874983638992487
48,reference_sphere___disconnected_testing,52,1.1722877627029376
49,reference_sphere___disconnected_testing,53,1.1968561802112467
50,reference_sphere___disconnected_testing,54,1.196178299871931
51,reference_sphere___disconnected_testing,55,1.185359721856147
52,reference_sphere___disconnected_testing,56,1.181459024359312
53,reference_sphere___disconnected_testing,57,1.1882898750889286
54,reference_sphere___disconnected_testing,58,1.1889807198552809
55,reference_sphere___disconnected_testing,59,1.1830143351407794
56,reference_sphere___disconnected_testing,6,1.1785107967764819
57,reference_sphere___disconnected_testing,60,1.1796443557294283
58,reference_sphere___disconnected_testing,61,1.175658703963007
59,reference_sphere___disconnected_testing,62,1.1840048729921604
60,reference_sphere___disconnected_testing,63,1.1944748800892198
61,reference_sphere___disconnected_testing,64,1.180344911399645
62,reference_sphere___disconnected_testing,65,1.1970395311025774
63,reference_sphere___disconnected_testing,66,1.1797747536876404
64,reference_sphere___disconnected_testing,67,1.1804347139087106
65,reference_sphere___disconnected_testing,68,1.1832713663882997
66,reference_sphere___disconnected_testing,69,1.1778130103254816
67,reference_sphere___disconnected_testing,7,1.188687866113614
68,reference_sphere___disconnected_testing,70,1.1876424718058145
69,reference_sphere___disconnected_testing,71,1.1851193615610318
70,reference_sphere___disconnected_testing,72,1.193548301596864
71,reference_sphere___disconnected_testing,73,1.193628748915824
72,reference_sphere___disconnected_testing,74,1.1833468922995727
73,reference_sphere___disconnected_testing,75,1.187171115650871
74,reference_sphere___disconnected_testing,76,1.2027399821217768
75,reference_sphere___disconnected_testing,77,1.1738219834719041
76,reference_sphere___disconnected_testing,78,1.1889494694627927
77,reference_sphere___disconnected_testing,79,1.1794426506611284
78,reference_sphere___disconnected_testing,8,1.184753954902584
79,reference_sphere___disconnected_testing,80,1.1879665690653338
80,reference_sphere___disconnected_testing,81,1.1875177715244924
81,reference_sphere___disconnected_testing,82,1.1870591186420163
82,reference_sphere___disconnected_testing,83,1.1916884998130806
83,reference_sphere___disconnected_testing,84,1.1799989458917366
84,reference_sphere___disconnected_testing,85,1.1728701412537523
85,reference_sphere___disconnected_testing,86,1.1931863392566995
86,reference_sphere___disconnected_testing,87,1.1927393901705696
87,reference_sphere___disconnected_testing,88,1.1961976806537662
88,reference_sphere___disconnected_testing,89,1.1794814527985866
89,reference_sphere___disconnected_testing,9,1.1914969609404082
90,reference_sphere___disconnected_testing,90,1.189282195087664
91,reference_sphere___disconnected_testing,91,1.1867005570310407
92,reference_sphere___disconnected_testing,92,1.1940732216554715
93,reference_sphere___disconnected_testing,93,1.187903153128802
94,reference_sphere___disconnected_testing,94,1.195566811359499
95,reference_sphere___disconnected_testing,95,1.1922402796303035
96,reference_sphere___disconnected_testing,96,1.185953730077526
97,reference_sphere___disconnected_testing,97,1.1928756327209633
98,reference_sphere___disconnected_testing,98,1.207468358307945
99,reference_sphere___disconnected_testing,99,1.1893911089586762
100,uniform_biased_RRT_biased_disconnected_filter_testing,0,1.4266645330576535
101,uniform_biased_RRT_biased_disconnected_filter_testing,1,1.3866009567477835
102,uniform_biased_RRT_biased_disconnected_filter_testing,10,1.4776992940401712
103,uniform_biased_RRT_biased_disconnected_filter_testing,11,1.4534814067992452
104,uniform_biased_RRT_biased_disconnected_filter_testing,12,1.4620208908900953
105,uniform_biased_RRT_biased_disconnected_filter_testing,13,1.369784899258337
106,uniform_biased_RRT_biased_disconnected_filter_testing,14,1.4673294827394794
107,uniform_biased_RRT_biased_disconnected_filter_testing,15,1.4531133029373722
108,uniform_biased_RRT_biased_disconnected_filter_testing,16,1.4563031293001636
109,uniform_biased_RRT_biased_disconnected_filter_testing,17,1.5103315543550986
110,uniform_biased_RRT_biased_disconnected_filter_testing,18,1.4989229506914183
111,uniform_biased_RRT_biased_disconnected_filter_testing,19,1.4817200351023532
112,uniform_biased_RRT_biased_disconnected_filter_testing,2,1.4423804808286114
113,uniform_biased_RRT_biased_disconnected_filter_testing,20,1.4224591115980552
114,uniform_biased_RRT_biased_disconnected_filter_testing,21,1.433156304175141
115,uniform_biased_RRT_biased_disconnected_filter_testing,22,1.4807080315846854
116,uniform_biased_RRT_biased_disconnected_filter_testing,23,1.4478417121340668
117,uniform_biased_RRT_biased_disconnected_filter_testing,24,1.449317664904527
118,uniform_biased_RRT_biased_disconnected_filter_testing,25,1.4649685623816064
119,uniform_biased_RRT_biased_disconnected_filter_testing,26,1.4072765293692213
120,uniform_biased_RRT_biased_disconnected_filter_testing,27,1.4515322619040645
121,uniform_biased_RRT_biased_disconnected_filter_testing,28,1.5008739320204936
122,uniform_biased_RRT_biased_disconnected_filter_testing,29,1.4531821166818066
123,uniform_biased_RRT_biased_disconnected_filter_testing,3,1.4658053163671412
124,uniform_biased_RRT_biased_disconnected_filter_testing,30,1.443616540381214
125,uniform_biased_RRT_biased_disconnected_filter_testing,31,1.4918149089337984
126,uniform_biased_RRT_biased_disconnected_filter_testing,32,1.4856410551786514
127,uniform_biased_RRT_biased_disconnected_filter_testing,33,1.5053458968357005
128,uniform_biased_RRT_biased_disconnected_filter_testing,34,1.4517873957330567
129,uniform_biased_RRT_biased_disconnected_filter_testing,35,1.4798902984171916
130,uniform_biased_RRT_biased_disconnected_filter_testing,36,1.4777510978031876
131,uniform_biased_RRT_biased_disconnected_filter_testing,37,1.4538018215059971
132,uniform_biased_RRT_biased_disconnected_filter_testing,38,1.4709413631902148
133,uniform_biased_RRT_biased_disconnected_filter_testing,39,1.4468297063505797
134,uniform_biased_RRT_biased_disconnected_filter_testing,4,1.4343558981009217
135,uniform_biased_RRT_biased_disconnected_filter_testing,40,1.5072023219725268
136,uniform_biased_RRT_biased_disconnected_filter_testing,41,1.4478032207624256
137,uniform_biased_RRT_biased_disconnected_filter_testing,42,1.4454304467997028
138,uniform_biased_RRT_biased_disconnected_filter_testing,43,1.4557535707591964
139,uniform_biased_RRT_biased_disconnected_filter_testing,44,1.3475538990308153
140,uniform_biased_RRT_biased_disconnected_filter_testing,45,1.4891620611796383
141,uniform_biased_RRT_biased_disconnected_filter_testing,46,1.4348750244951851
142,uniform_biased_RRT_biased_disconnected_filter_testing,47,1.4627244079038417
143,uniform_biased_RRT_biased_disconnected_filter_testing,48,1.4187260051616406
144,uniform_biased_RRT_biased_disconnected_filter_testing,49,1.4465692171959361
145,uniform_biased_RRT_biased_disconnected_filter_testing,5,1.2968518980658534
146,uniform_biased_RRT_biased_disconnected_filter_testing,50,1.4998250988128348
147,uniform_biased_RRT_biased_disconnected_filter_testing,51,1.4760780898489745
148,uniform_biased_RRT_biased_disconnected_filter_testing,52,1.4876550588362356
149,uniform_biased_RRT_biased_disconnected_filter_testing,53,1.4805981298038056
150,uniform_biased_RRT_biased_disconnected_filter_testing,54,1.4623778772684817
151,uniform_biased_RRT_biased_disconnected_filter_testing,55,1.4269070408271476
152,uniform_biased_RRT_biased_disconnected_filter_testing,56,1.4898814821832413
153,uniform_biased_RRT_biased_disconnected_filter_testing,57,1.4139461233742334
154,uniform_biased_RRT_biased_disconnected_filter_testing,58,1.3808986021782497
155,uniform_biased_RRT_biased_disconnected_filter_testing,59,1.425833244772363
156,uniform_biased_RRT_biased_disconnected_filter_testing,6,1.4825354385660436
157,uniform_biased_RRT_biased_disconnected_filter_testing,60,1.4762547847747416
158,uniform_biased_RRT_biased_disconnected_filter_testing,61,1.4483115510642266
159,uniform_biased_RRT_biased_disconnected_filter_testing,62,1.4886378977082662
160,uniform_biased_RRT_biased_disconnected_filter_testing,63,1.4722193299051387
161,uniform_biased_RRT_biased_disconnected_filter_testing,64,1.4722875931754555
162,uniform_biased_RRT_biased_disconnected_filter_testing,65,1.4439135833907404
163,uniform_biased_RRT_biased_disconnected_filter_testing,66,1.468994123495819
164,uniform_biased_RRT_biased_disconnected_filter_testing,67,1.4583305739861936
165,uniform_biased_RRT_biased_disconnected_filter_testing,68,1.4457738331044463
166,uniform_biased_RRT_biased_disconnected_filter_testing,69,1.4430228460162704
167,uniform_biased_RRT_biased_disconnected_filter_testing,7,1.4911167207888831
168,uniform_biased_RRT_biased_disconnected_filter_testing,70,1.4114486775916244
169,uniform_biased_RRT_biased_disconnected_filter_testing,71,1.433513387181845
170,uniform_biased_RRT_biased_disconnected_filter_testing,72,1.4984664401182675
171,uniform_biased_RRT_biased_disconnected_filter_testing,73,1.48261928250401
172,uniform_biased_RRT_biased_disconnected_filter_testing,74,1.4779143957460485
173,uniform_biased_RRT_biased_disconnected_filter_testing,75,1.4605149174724268
174,uniform_biased_RRT_biased_disconnected_filter_testing,76,1.456200389000025
175,uniform_biased_RRT_biased_disconnected_filter_testing,77,1.4902079220194893
176,uniform_biased_RRT_biased_disconnected_filter_testing,78,1.4288861787150255
177,uniform_biased_RRT_biased_disconnected_filter_testing,79,1.497599067021838
178,uniform_biased_RRT_biased_disconnected_filter_testing,8,1.401709518406367
179,uniform_biased_RRT_biased_disconnected_filter_testing,80,1.3999157888709535
180,uniform_biased_RRT_biased_disconnected_filter_testing,81,1.4676001528059242
181,uniform_biased_RRT_biased_disconnected_filter_testing,82,1.4468051468809484
182,uniform_biased_RRT_biased_disconnected_filter_testing,83,1.414572811216846
183,uniform_biased_RRT_biased_disconnected_filter_testing,84,1.4756898085546952
184,uniform_biased_RRT_biased_disconnected_filter_testing,85,1.5016319274151306
185,uniform_biased_RRT_biased_disconnected_filter_testing,86,1.4260981561607604
186,uniform_biased_RRT_biased_disconnected_filter_testing,87,1.4564979710994195
187,uniform_biased_RRT_biased_disconnected_filter_testing,88,1.474145755247635
188,uniform_biased_RRT_biased_disconnected_filter_testing,89,1.4734983638186898
189,uniform_biased_RRT_biased_disconnected_filter_testing,9,1.4902174168706843
190,uniform_biased_RRT_biased_disconnected_filter_testing,90,1.492239816569233
191,uniform_biased_RRT_biased_disconnected_filter_testing,91,1.4233611460612314
192,uniform_biased_RRT_biased_disconnected_filter_testing,92,1.4266194234526053
193,uniform_biased_RRT_biased_disconnected_filter_testing,93,1.4397677641688704
194,uniform_biased_RRT_biased_disconnected_filter_testing,94,1.4554018759521612
195,uniform_biased_RRT_biased_disconnected_filter_testing,95,1.4277074391820563
196,uniform_biased_RRT_biased_disconnected_filter_testing,96,1.4481069763291605
197,uniform_biased_RRT_biased_disconnected_filter_testing,97,1.4629296903249556
198,uniform_biased_RRT_biased_disconnected_filter_testing,98,1.471592436995562
199,uniform_biased_RRT_biased_disconnected_filter_testing,99,1.4444335076556367
200,uniform_biased_RRT_biased_disconnected_filter_wide_testing,0,1.53646817010503
201,uniform_biased_RRT_biased_disconnected_filter_wide_testing,1,1.5280662914534413
202,uniform_biased_RRT_biased_disconnected_filter_wide_testing,10,1.5120922834992307
203,uniform_biased_RRT_biased_disconnected_filter_wide_testing,11,1.5251864298010778
204,uniform_biased_RRT_biased_disconnected_filter_wide_testing,12,1.5255054706688929
205,uniform_biased_RRT_biased_disconnected_filter_wide_testing,13,1.542424101195763
206,uniform_biased_RRT_biased_disconnected_filter_wide_testing,14,1.51946361142527
207,uniform_biased_RRT_biased_disconnected_filter_wide_testing,15,1.5068817551046534
208,uniform_biased_RRT_biased_disconnected_filter_wide_testing,16,1.561899228241509
209,uniform_biased_RRT_biased_disconnected_filter_wide_testing,17,1.5233692043200553
210,uniform_biased_RRT_biased_disconnected_filter_wide_testing,18,1.5038872881261065
211,uniform_biased_RRT_biased_disconnected_filter_wide_testing,19,1.5419057260375322
212,uniform_biased_RRT_biased_disconnected_filter_wide_testing,2,1.551921214469657
213,uniform_biased_RRT_biased_disconnected_filter_wide_testing,20,1.5403521493657282
214,uniform_biased_RRT_biased_disconnected_filter_wide_testing,21,1.5428004087839555
215,uniform_biased_RRT_biased_disconnected_filter_wide_testing,22,1.5276054403882975
216,uniform_biased_RRT_biased_disconnected_filter_wide_testing,23,1.5182462260583707
217,uniform_biased_RRT_biased_disconnected_filter_wide_testing,24,1.5132413967992777
218,uniform_biased_RRT_biased_disconnected_filter_wide_testing,25,1.5168594401772095
219,uniform_biased_RRT_biased_disconnected_filter_wide_testing,26,1.5285831032737174
220,uniform_biased_RRT_biased_disconnected_filter_wide_testing,27,1.5191877329203474
221,uniform_biased_RRT_biased_disconnected_filter_wide_testing,28,1.551804804700733
222,uniform_biased_RRT_biased_disconnected_filter_wide_testing,29,1.5236625077862063
223,uniform_biased_RRT_biased_disconnected_filter_wide_testing,3,1.5474324408759945
224,uniform_biased_RRT_biased_disconnected_filter_wide_testing,30,1.5370627352985706
225,uniform_biased_RRT_biased_disconnected_filter_wide_testing,31,1.5589231406328412
226,uniform_biased_RRT_biased_disconnected_filter_wide_testing,32,1.5443007603814733
227,uniform_biased_RRT_biased_disconnected_filter_wide_testing,33,1.5172869821733002
228,uniform_biased_RRT_biased_disconnected_filter_wide_testing,34,1.5172571082094284
229,uniform_biased_RRT_biased_disconnected_filter_wide_testing,35,1.5526836555557988
230,uniform_biased_RRT_biased_disconnected_filter_wide_testing,36,1.529356084277669
231,uniform_biased_RRT_biased_disconnected_filter_wide_testing,37,1.5495402749378824
232,uniform_biased_RRT_biased_disconnected_filter_wide_testing,38,1.5525873493095075
233,uniform_biased_RRT_biased_disconnected_filter_wide_testing,39,1.5216062699981237
234,uniform_biased_RRT_biased_disconnected_filter_wide_testing,4,1.5060126579327553
235,uniform_biased_RRT_biased_disconnected_filter_wide_testing,40,1.5052122072963527
236,uniform_biased_RRT_biased_disconnected_filter_wide_testing,41,1.5352672359128166
237,uniform_biased_RRT_biased_disconnected_filter_wide_testing,42,1.5127188963774498
238,uniform_biased_RRT_biased_disconnected_filter_wide_testing,43,1.5194804503774622
239,uniform_biased_RRT_biased_disconnected_filter_wide_testing,44,1.530988979370165
240,uniform_biased_RRT_biased_disconnected_filter_wide_testing,45,1.534588331823217
241,uniform_biased_RRT_biased_disconnected_filter_wide_testing,46,1.5168404254550651
242,uniform_biased_RRT_biased_disconnected_filter_wide_testing,47,1.545022606347754
243,uniform_biased_RRT_biased_disconnected_filter_wide_testing,48,1.5424677530837103
244,uniform_biased_RRT_biased_disconnected_filter_wide_testing,49,1.5080642354226717
245,uniform_biased_RRT_biased_disconnected_filter_wide_testing,5,1.5250217064184202
246,uniform_biased_RRT_biased_disconnected_filter_wide_testing,50,1.5257620615767733
247,uniform_biased_RRT_biased_disconnected_filter_wide_testing,51,1.5410576888044023
248,uniform_biased_RRT_biased_disconnected_filter_wide_testing,52,1.5405991518458586
249,uniform_biased_RRT_biased_disconnected_filter_wide_testing,53,1.5291468289893604
250,uniform_biased_RRT_biased_disconnected_filter_wide_testing,54,1.5608591528330493
251,uniform_biased_RRT_biased_disconnected_filter_wide_testing,55,1.5019967040714763
252,uniform_biased_RRT_biased_disconnected_filter_wide_testing,56,1.5359312860088357
253,uniform_biased_RRT_biased_disconnected_filter_wide_testing,57,1.554890843560433
254,uniform_biased_RRT_biased_disconnected_filter_wide_testing,58,1.541527539054482
255,uniform_biased_RRT_biased_disconnected_filter_wide_testing,59,1.5464128534056836
256,uniform_biased_RRT_biased_disconnected_filter_wide_testing,6,1.5248949942267322
257,uniform_biased_RRT_biased_disconnected_filter_wide_testing,60,1.5154588946160252
258,uniform_biased_RRT_biased_disconnected_filter_wide_testing,61,1.531657524425353
259,uniform_biased_RRT_biased_disconnected_filter_wide_testing,62,1.546576832852554
260,uniform_biased_RRT_biased_disconnected_filter_wide_testing,63,1.550977276268592
261,uniform_biased_RRT_biased_disconnected_filter_wide_testing,64,1.5336678720267671
262,uniform_biased_RRT_biased_disconnected_filter_wide_testing,65,1.5597475629426047
263,uniform_biased_RRT_biased_disconnected_filter_wide_testing,66,1.51994049112782
264,uniform_biased_RRT_biased_disconnected_filter_wide_testing,67,1.5370601600935179
265,uniform_biased_RRT_biased_disconnected_filter_wide_testing,68,1.5123656896100262
266,uniform_biased_RRT_biased_disconnected_filter_wide_testing,69,1.5126207670210456
267,uniform_biased_RRT_biased_disconnected_filter_wide_testing,7,1.5392475352744388
268,uniform_biased_RRT_biased_disconnected_filter_wide_testing,70,1.5336723754488595
269,uniform_biased_RRT_biased_disconnected_filter_wide_testing,71,1.4469793871675307
270,uniform_biased_RRT_biased_disconnected_filter_wide_testing,72,1.520230690101199
271,uniform_biased_RRT_biased_disconnected_filter_wide_testing,73,1.5435899821345471
272,uniform_biased_RRT_biased_disconnected_filter_wide_testing,74,1.5336304241310632
273,uniform_biased_RRT_biased_disconnected_filter_wide_testing,75,1.4870605219746602
274,uniform_biased_RRT_biased_disconnected_filter_wide_testing,76,1.5232684460320027
275,uniform_biased_RRT_biased_disconnected_filter_wide_testing,77,1.4941190404845301
276,uniform_biased_RRT_biased_disconnected_filter_wide_testing,78,1.4936909395699076
277,uniform_biased_RRT_biased_disconnected_filter_wide_testing,79,1.5496972091258936
278,uniform_biased_RRT_biased_disconnected_filter_wide_testing,8,1.5162430479980762
279,uniform_biased_RRT_biased_disconnected_filter_wide_testing,80,1.5297813356774197
280,uniform_biased_RRT_biased_disconnected_filter_wide_testing,81,1.5465375086895132
281,uniform_biased_RRT_biased_disconnected_filter_wide_testing,82,1.4851527211789184
282,uniform_biased_RRT_biased_disconnected_filter_wide_testing,83,1.5457544127914271
283,uniform_biased_RRT_biased_disconnected_filter_wide_testing,84,1.5369136930093423
284,uniform_biased_RRT_biased_disconnected_filter_wide_testing,85,1.5207733661826208
285,uniform_biased_RRT_biased_disconnected_filter_wide_testing,86,1.5243615076976094
286,uniform_biased_RRT_biased_disconnected_filter_wide_testing,87,1.5130296235236909
287,uniform_biased_RRT_biased_disconnected_filter_wide_testing,88,1.535843933579889
288,uniform_biased_RRT_biased_disconnected_filter_wide_testing,89,1.540046636432138
289,uniform_biased_RRT_biased_disconnected_filter_wide_testing,9,1.5488923188781596
290,uniform_biased_RRT_biased_disconnected_filter_wide_testing,90,1.5344672856224228
291,uniform_biased_RRT_biased_disconnected_filter_wide_testing,91,1.5592382640973013
292,uniform_biased_RRT_biased_disconnected_filter_wide_testing,92,1.5032360377079022
293,uniform_biased_RRT_biased_disconnected_filter_wide_testing,93,1.536814910916524
294,uniform_biased_RRT_biased_disconnected_filter_wide_testing,94,1.5305823870505157
295,uniform_biased_RRT_biased_disconnected_filter_wide_testing,95,1.5370350207345918
296,uniform_biased_RRT_biased_disconnected_filter_wide_testing,96,1.5255079683432347
297,uniform_biased_RRT_biased_disconnected_filter_wide_testing,97,1.5510473838498307
298,uniform_biased_RRT_biased_disconnected_filter_wide_testing,98,1.4764652979105228
299,uniform_biased_RRT_biased_disconnected_filter_wide_testing,99,1.4842815934584475
300,uniform_biased_RRT_biased_disconnected_no_filter_testing,0,1.1612803521956327
301,uniform_biased_RRT_biased_disconnected_no_filter_testing,1,1.183005864126753
302,uniform_biased_RRT_biased_disconnected_no_filter_testing,10,1.0947902426345941
303,uniform_biased_RRT_biased_disconnected_no_filter_testing,11,1.2165545726088431
304,uniform_biased_RRT_biased_disconnected_no_filter_testing,12,1.1460115964569957
305,uniform_biased_RRT_biased_disconnected_no_filter_testing,13,1.142876176006761
306,uniform_biased_RRT_biased_disconnected_no_filter_testing,14,1.1438339128296569
307,uniform_biased_RRT_biased_disconnected_no_filter_testing,15,1.0950229023450997
308,uniform_biased_RRT_biased_disconnected_no_filter_testing,16,1.2631932584444696
309,uniform_biased_RRT_biased_disconnected_no_filter_testing,17,1.2298530681010784
310,uniform_biased_RRT_biased_disconnected_no_filter_testing,18,1.2379739088796915
311,uniform_biased_RRT_biased_disconnected_no_filter_testing,19,1.2210171621524046
312,uniform_biased_RRT_biased_disconnected_no_filter_testing,2,1.2887581199673896
313,uniform_biased_RRT_biased_disconnected_no_filter_testing,20,1.1053223525620823
314,uniform_biased_RRT_biased_disconnected_no_filter_testing,21,1.319393093368616
315,uniform_biased_RRT_biased_disconnected_no_filter_testing,22,1.3208735282772694
316,uniform_biased_RRT_biased_disconnected_no_filter_testing,23,1.2411527253294032
317,uniform_biased_RRT_biased_disconnected_no_filter_testing,24,1.122806068997944
318,uniform_biased_RRT_biased_disconnected_no_filter_testing,25,1.2690745832643144
319,uniform_biased_RRT_biased_disconnected_no_filter_testing,26,1.1795712809206729
320,uniform_biased_RRT_biased_disconnected_no_filter_testing,27,1.193862861360014
321,uniform_biased_RRT_biased_disconnected_no_filter_testing,28,1.357560186873915
322,uniform_biased_RRT_biased_disconnected_no_filter_testing,29,1.2651555520945252
323,uniform_biased_RRT_biased_disconnected_no_filter_testing,3,1.230590121434817
324,uniform_biased_RRT_biased_disconnected_no_filter_testing,30,1.1311264442234172
325,uniform_biased_RRT_biased_disconnected_no_filter_testing,31,1.204164571717097
326,uniform_biased_RRT_biased_disconnected_no_filter_testing,32,1.30952680602265
327,uniform_biased_RRT_biased_disconnected_no_filter_testing,33,1.2280069582317104
328,uniform_biased_RRT_biased_disconnected_no_filter_testing,34,1.348216039935193
329,uniform_biased_RRT_biased_disconnected_no_filter_testing,35,1.2808835831997898
330,uniform_biased_RRT_biased_disconnected_no_filter_testing,36,1.1513828183054826
331,uniform_biased_RRT_biased_disconnected_no_filter_testing,37,1.2377816504486632
332,uniform_biased_RRT_biased_disconnected_no_filter_testing,38,1.2083217574023215
333,uniform_biased_RRT_biased_disconnected_no_filter_testing,39,1.2403107467077545
334,uniform_biased_RRT_biased_disconnected_no_filter_testing,4,1.2455854415585594
335,uniform_biased_RRT_biased_disconnected_no_filter_testing,40,1.2212833629958573
336,uniform_biased_RRT_biased_disconnected_no_filter_testing,41,1.2815617815678229
337,uniform_biased_RRT_biased_disconnected_no_filter_testing,42,1.253931595719967
338,uniform_biased_RRT_biased_disconnected_no_filter_testing,43,1.2338071289737067
339,uniform_biased_RRT_biased_disconnected_no_filter_testing,44,1.2548274348253596
340,uniform_biased_RRT_biased_disconnected_no_filter_testing,45,1.1483942019125766
341,uniform_biased_RRT_biased_disconnected_no_filter_testing,46,1.2165026783337554
342,uniform_biased_RRT_biased_disconnected_no_filter_testing,47,1.1983204195702444
343,uniform_biased_RRT_biased_disconnected_no_filter_testing,48,1.2906876716507862
344,uniform_biased_RRT_biased_disconnected_no_filter_testing,49,1.1418304087107491
345,uniform_biased_RRT_biased_disconnected_no_filter_testing,5,1.2475507399188792
346,uniform_biased_RRT_biased_disconnected_no_filter_testing,50,1.2092707282433577
347,uniform_biased_RRT_biased_disconnected_no_filter_testing,51,1.219419231402811
348,uniform_biased_RRT_biased_disconnected_no_filter_testing,52,1.144543579310027
349,uniform_biased_RRT_biased_disconnected_no_filter_testing,53,1.2479864857612308
350,uniform_biased_RRT_biased_disconnected_no_filter_testing,54,1.2759657105913838
351,uniform_biased_RRT_biased_disconnected_no_filter_testing,55,1.1975323437450105
352,uniform_biased_RRT_biased_disconnected_no_filter_testing,56,1.263265644843722
353,uniform_biased_RRT_biased_disconnected_no_filter_testing,57,1.3484710634689934
354,uniform_biased_RRT_biased_disconnected_no_filter_testing,58,1.2828850197166122
355,uniform_biased_RRT_biased_disconnected_no_filter_testing,59,1.211999398022909
356,uniform_biased_RRT_biased_disconnected_no_filter_testing,6,1.1406998610863863
357,uniform_biased_RRT_biased_disconnected_no_filter_testing,60,1.1560697729127942
358,uniform_biased_RRT_biased_disconnected_no_filter_testing,61,1.160020086640012
359,uniform_biased_RRT_biased_disconnected_no_filter_testing,62,1.2668415229349685
360,uniform_biased_RRT_biased_disconnected_no_filter_testing,63,1.168132293799188
361,uniform_biased_RRT_biased_disconnected_no_filter_testing,64,1.2353373265262146
362,uniform_biased_RRT_biased_disconnected_no_filter_testing,65,1.1951670941512484
363,uniform_biased_RRT_biased_disconnected_no_filter_testing,66,1.2455176289748617
364,uniform_biased_RRT_biased_disconnected_no_filter_testing,67,1.2400195679073653
365,uniform_biased_RRT_biased_disconnected_no_filter_testing,68,1.3144420209281906
366,uniform_biased_RRT_biased_disconnected_no_filter_testing,69,1.2102271004035952
367,uniform_biased_RRT_biased_disconnected_no_filter_testing,7,1.162074065754267
368,uniform_biased_RRT_biased_disconnected_no_filter_testing,70,1.2430030688806724
369,uniform_biased_RRT_biased_disconnected_no_filter_testing,71,1.2266833903785104
370,uniform_biased_RRT_biased_disconnected_no_filter_testing,72,1.2381512796140546
371,uniform_biased_RRT_biased_disconnected_no_filter_testing,73,1.3124263668000338
372,uniform_biased_RRT_biased_disconnected_no_filter_testing,74,1.2516207956013465
373,uniform_biased_RRT_biased_disconnected_no_filter_testing,75,1.198843973273748
374,uniform_biased_RRT_biased_disconnected_no_filter_testing,76,1.257426827805741
375,uniform_biased_RRT_biased_disconnected_no_filter_testing,77,1.2704361127692132
376,uniform_biased_RRT_biased_disconnected_no_filter_testing,78,1.2493712226545552
377,uniform_biased_RRT_biased_disconnected_no_filter_testing,79,1.20695994972716
378,uniform_biased_RRT_biased_disconnected_no_filter_testing,8,1.1538832718059162
379,uniform_biased_RRT_biased_disconnected_no_filter_testing,80,1.223209350015818
380,uniform_biased_RRT_biased_disconnected_no_filter_testing,81,1.073538296979593
381,uniform_biased_RRT_biased_disconnected_no_filter_testing,82,1.1044348886945339
382,uniform_biased_RRT_biased_disconnected_no_filter_testing,83,1.313891397463453
383,uniform_biased_RRT_biased_disconnected_no_filter_testing,84,1.1855348252174993
384,uniform_biased_RRT_biased_disconnected_no_filter_testing,85,1.2472522544300901
385,uniform_biased_RRT_biased_disconnected_no_filter_testing,86,1.247096961251654
386,uniform_biased_RRT_biased_disconnected_no_filter_testing,87,1.3107638798442343
387,uniform_biased_RRT_biased_disconnected_no_filter_testing,88,1.2137684447316703
388,uniform_biased_RRT_biased_disconnected_no_filter_testing,89,1.3419899711246985
389,uniform_biased_RRT_biased_disconnected_no_filter_testing,9,1.2640853490854598
390,uniform_biased_RRT_biased_disconnected_no_filter_testing,90,1.1881102192838606
391,uniform_biased_RRT_biased_disconnected_no_filter_testing,91,1.2148232555589638
392,uniform_biased_RRT_biased_disconnected_no_filter_testing,92,1.2750548456272939
393,uniform_biased_RRT_biased_disconnected_no_filter_testing,93,1.3173101250202852
394,uniform_biased_RRT_biased_disconnected_no_filter_testing,94,1.2043191058360858
395,uniform_biased_RRT_biased_disconnected_no_filter_testing,95,1.1703481697747204
396,uniform_biased_RRT_biased_disconnected_no_filter_testing,96,1.2734443745711097
397,uniform_biased_RRT_biased_disconnected_no_filter_testing,97,1.08376090281961
398,uniform_biased_RRT_biased_disconnected_no_filter_testing,98,1.14288763878876
399,uniform_biased_RRT_biased_disconnected_no_filter_testing,99,1.2651624250576337
400,uniform_biased_RRT_biased_disconnected_no_fitler_wide_testing,0,1.266303778600434
401,uniform_biased_RRT_biased_disconnected_no_fitler_wide_testing,1,1.3226639242728835
402,uniform_biased_RRT_biased_disconnected_no_fitler_wide_testing,10,1.3607254519311063
403,uniform_biased_RRT_biased_disconnected_no_fitler_wide_testing,11,1.3193955262749224
404,uniform_biased_RRT_biased_disconnected_no_fitler_wide_testing,12,1.2825849092987847
405,uniform_biased_RRT_biased_disconnected_no_fitler_wide_testing,13,1.335931523417603
406,uniform_biased_RRT_biased_disconnected_no_fitler_wide_testing,14,1.3605345737130312
407,uniform_biased_RRT_biased_disconnected_no_fitler_wide_testing,15,1.3052448744198926
408,uniform_biased_RRT_biased_disconnected_no_fitler_wide_testing,16,1.3073336197655099
409,uniform_biased_RRT_biased_disconnected_no_fitler_wide_testing,17,1.300062247825985
410,uniform_biased_RRT_biased_disconnected_no_fitler_wide_testing,18,1.3220987402453983
411,uniform_biased_RRT_biased_disconnected_no_fitler_wide_testing,19,1.3346431080603844
412,uniform_biased_RRT_biased_disconnected_no_fitler_wide_testing,2,1.2308673158345376
413,uniform_biased_RRT_biased_disconnected_no_fitler_wide_testing,20,1.3093101391942783
414,uniform_biased_RRT_biased_disconnected_no_fitler_wide_testing,21,1.2375053157447955
415,uniform_biased_RRT_biased_disconnected_no_fitler_wide_testing,22,1.2187056219150103
416,uniform_biased_RRT_biased_disconnected_no_fitler_wide_testing,23,1.2570215297902732
417,uniform_biased_RRT_biased_disconnected_no_fitler_wide_testing,24,1.2375763717574577
418,uniform_biased_RRT_biased_disconnected_no_fitler_wide_testing,25,1.2429145207562327
419,uniform_biased_RRT_biased_disconnected_no_fitler_wide_testing,26,1.1955326655108667
420,uniform_biased_RRT_biased_disconnected_no_fitler_wide_testing,27,1.3311173293964609
421,uniform_biased_RRT_biased_disconnected_no_fitler_wide_testing,28,1.296486655159355
422,uniform_biased_RRT_biased_disconnected_no_fitler_wide_testing,29,1.1729603299407976
423,uniform_biased_RRT_biased_disconnected_no_fitler_wide_testing,3,1.2813205881116694
424,uniform_biased_RRT_biased_disconnected_no_fitler_wide_testing,30,1.2350038292190801
425,uniform_biased_RRT_biased_disconnected_no_fitler_wide_testing,31,1.3694761163968179
426,uniform_biased_RRT_biased_disconnected_no_fitler_wide_testing,32,1.3434536331071785
427,uniform_biased_RRT_biased_disconnected_no_fitler_wide_testing,33,1.3154870197114876
428,uniform_biased_RRT_biased_disconnected_no_fitler_wide_testing,34,1.2679478156753612
429,uniform_biased_RRT_biased_disconnected_no_fitler_wide_testing,35,1.2182902980026746
430,uniform_biased_RRT_biased_disconnected_no_fitler_wide_testing,36,1.2754858386452863
431,uniform_biased_RRT_biased_disconnected_no_fitler_wide_testing,37,1.2459816525746683
432,uniform_biased_RRT_biased_disconnected_no_fitler_wide_testing,38,1.3075092159149164
433,uniform_biased_RRT_biased_disconnected_no_fitler_wide_testing,39,1.2831565676720151
434,uniform_biased_RRT_biased_disconnected_no_fitler_wide_testing,4,1.3614772837050761
435,uniform_biased_RRT_biased_disconnected_no_fitler_wide_testing,40,1.2634549453936104
436,uniform_biased_RRT_biased_disconnected_no_fitler_wide_testing,41,1.3592084729377527
437,uniform_biased_RRT_biased_disconnected_no_fitler_wide_testing,42,1.2200117578298384
438,uniform_biased_RRT_biased_disconnected_no_fitler_wide_testing,43,1.3275710867271686
439,uniform_biased_RRT_biased_disconnected_no_fitler_wide_testing,44,1.3264257046250925
440,uniform_biased_RRT_biased_disconnected_no_fitler_wide_testing,45,1.321279014104892
441,uniform_biased_RRT_biased_disconnected_no_fitler_wide_testing,46,1.2650193487584351
442,uniform_biased_RRT_biased_disconnected_no_fitler_wide_testing,47,1.2754888267817959
443,uniform_biased_RRT_biased_disconnected_no_fitler_wide_testing,48,1.2762848504966022
444,uniform_biased_RRT_biased_disconnected_no_fitler_wide_testing,49,1.3507047843076274
445,uniform_biased_RRT_biased_disconnected_no_fitler_wide_testing,5,1.2973064690523393
446,uniform_biased_RRT_biased_disconnected_no_fitler_wide_testing,50,1.1426833121795377
447,uniform_biased_RRT_biased_disconnected_no_fitler_wide_testing,51,1.3147577895645497
448,uniform_biased_RRT_biased_disconnected_no_fitler_wide_testing,52,1.2309808943771163
449,uniform_biased_RRT_biased_disconnected_no_fitler_wide_testing,53,1.3344788815985962
450,uniform_biased_RRT_biased_disconnected_no_fitler_wide_testing,54,1.2777740770197112
451,uniform_biased_RRT_biased_disconnected_no_fitler_wide_testing,55,1.2737191052681038
452,uniform_biased_RRT_biased_disconnected_no_fitler_wide_testing,56,1.211812641518718
453,uniform_biased_RRT_biased_disconnected_no_fitler_wide_testing,57,1.3133041247875448
454,uniform_biased_RRT_biased_disconnected_no_fitler_wide_testing,58,1.3097640332806353
455,uniform_biased_RRT_biased_disconnected_no_fitler_wide_testing,59,1.28552315204878
456,uniform_biased_RRT_biased_disconnected_no_fitler_wide_testing,6,1.2966501575488663
457,uniform_biased_RRT_biased_disconnected_no_fitler_wide_testing,60,1.258928589812826
458,uniform_biased_RRT_biased_disconnected_no_fitler_wide_testing,61,1.2891049981117062
459,uniform_biased_RRT_biased_disconnected_no_fitler_wide_testing,62,1.3161858994740638
460,uniform_biased_RRT_biased_disconnected_no_fitler_wide_testing,63,1.1984515300321437
461,uniform_biased_RRT_biased_disconnected_no_fitler_wide_testing,64,1.2580043710893296
462,uniform_biased_RRT_biased_disconnected_no_fitler_wide_testing,65,1.2968210782856202
463,uniform_biased_RRT_biased_disconnected_no_fitler_wide_testing,66,1.3457300565950556
464,uniform_biased_RRT_biased_disconnected_no_fitler_wide_testing,67,1.3355091311254672
465,uniform_biased_RRT_biased_disconnected_no_fitler_wide_testing,68,1.3068379051935783
466,uniform_biased_RRT_biased_disconnected_no_fitler_wide_testing,69,1.35302138827584
467,uniform_biased_RRT_biased_disconnected_no_fitler_wide_testing,7,1.3090277637260652
468,uniform_biased_RRT_biased_disconnected_no_fitler_wide_testing,70,1.3332122776913984
469,uniform_biased_RRT_biased_disconnected_no_fitler_wide_testing,71,1.2495828862536191
470,uniform_biased_RRT_biased_disconnected_no_fitler_wide_testing,72,1.3931129612185091
471,uniform_biased_RRT_biased_disconnected_no_fitler_wide_testing,73,1.3097489060917011
472,uniform_biased_RRT_biased_disconnected_no_fitler_wide_testing,74,1.309190389435434
473,uniform_biased_RRT_biased_disconnected_no_fitler_wide_testing,75,1.2079868979464223
474,uniform_biased_RRT_biased_disconnected_no_fitler_wide_testing,76,1.3175308292291785
475,uniform_biased_RRT_biased_disconnected_no_fitler_wide_testing,77,1.3612010150731069
476,uniform_biased_RRT_biased_disconnected_no_fitler_wide_testing,78,1.2271954744582738
477,uniform_biased_RRT_biased_disconnected_no_fitler_wide_testing,79,1.3010591997809522
478,uniform_biased_RRT_biased_disconnected_no_fitler_wide_testing,8,1.3411559501860575
479,uniform_biased_RRT_biased_disconnected_no_fitler_wide_testing,80,1.2537032395354615
480,uniform_biased_RRT_biased_disconnected_no_fitler_wide_testing,81,1.2384161171752486
481,uniform_biased_RRT_biased_disconnected_no_fitler_wide_testing,82,1.2283821932326557
482,uniform_biased_RRT_biased_disconnected_no_fitler_wide_testing,83,1.3227783125861927
483,uniform_biased_RRT_biased_disconnected_no_fitler_wide_testing,84,1.3390397422374638
484,uniform_biased_RRT_biased_disconnected_no_fitler_wide_testing,85,1.2492624761916225
485,uniform_biased_RRT_biased_disconnected_no_fitler_wide_testing,86,1.3392057988455992
486,uniform_biased_RRT_biased_disconnected_no_fitler_wide_testing,87,1.3444863646120058
487,uniform_biased_RRT_biased_disconnected_no_fitler_wide_testing,88,1.1335249097728013
488,uniform_biased_RRT_biased_disconnected_no_fitler_wide_testing,89,1.3744974383094857
489,uniform_biased_RRT_biased_disconnected_no_fitler_wide_testing,9,1.3339832733874137
490,uniform_biased_RRT_biased_disconnected_no_fitler_wide_testing,90,1.3692771012217724
491,uniform_biased_RRT_biased_disconnected_no_fitler_wide_testing,91,1.330743361300643
492,uniform_biased_RRT_biased_disconnected_no_fitler_wide_testing,92,1.2890599672010579
493,uniform_biased_RRT_biased_disconnected_no_fitler_wide_testing,93,1.3389704447513195
494,uniform_biased_RRT_biased_disconnected_no_fitler_wide_testing,94,1.1671485394607917
495,uniform_biased_RRT_biased_disconnected_no_fitler_wide_testing,95,1.3708655493167197
496,uniform_biased_RRT_biased_disconnected_no_fitler_wide_testing,96,1.292583885138266
497,uniform_biased_RRT_biased_disconnected_no_fitler_wide_testing,97,1.2108260452718802
498,uniform_biased_RRT_biased_disconnected_no_fitler_wide_testing,98,1.3734586399404434
499,uniform_biased_RRT_biased_disconnected_no_fitler_wide_testing,99,1.2714748057699563
500,uniform_biased___disconnected_testing,0,1.3012915817896766
501,uniform_biased___disconnected_testing,1,1.2901796306014606
502,uniform_biased___disconnected_testing,10,1.2919086110720976
503,uniform_biased___disconnected_testing,11,1.2936003049871323
504,uniform_biased___disconnected_testing,12,1.2838560371524066
505,uniform_biased___disconnected_testing,13,1.303319279822442
506,uniform_biased___disconnected_testing,14,1.290286399276819
507,uniform_biased___disconnected_testing,15,1.2867900305100763
508,uniform_biased___disconnected_testing,16,1.3067268572524235
509,uniform_biased___disconnected_testing,17,1.293963638013449
510,uniform_biased___disconnected_testing,18,1.2956238572953542
511,uniform_biased___disconnected_testing,19,1.2841592057939046
512,uniform_biased___disconnected_testing,2,1.297590941751063
513,uniform_biased___disconnected_testing,20,1.280003208313845
514,uniform_biased___disconnected_testing,21,1.2705505942310054
515,uniform_biased___disconnected_testing,22,1.3102890715286097
516,uniform_biased___disconnected_testing,23,1.2641646549479653
517,uniform_biased___disconnected_testing,24,1.2928644448278455
518,uniform_biased___disconnected_testing,25,1.2773893907013698
519,uniform_biased___disconnected_testing,26,1.2906127039957045
520,uniform_biased___disconnected_testing,27,1.2768879927555805
521,uniform_biased___disconnected_testing,28,1.2831422322757227
522,uniform_biased___disconnected_testing,29,1.2916650948554134
523,uniform_biased___disconnected_testing,3,1.288849758377364
524,uniform_biased___disconnected_testing,30,1.3024478336387038
525,uniform_biased___disconnected_testing,31,1.283508819680251
526,uniform_biased___disconnected_testing,32,1.2840718215837401
527,uniform_biased___disconnected_testing,33,1.2980920738538513
528,uniform_biased___disconnected_testing,34,1.3070875912651043
529,uniform_biased___disconnected_testing,35,1.2911141954543621
530,uniform_biased___disconnected_testing,36,1.3057517387473587
531,uniform_biased___disconnected_testing,37,1.2896883187015464
532,uniform_biased___disconnected_testing,38,1.2888114685152268
533,uniform_biased___disconnected_testing,39,1.274326938801704
534,uniform_biased___disconnected_testing,4,1.3041867657834905
535,uniform_biased___disconnected_testing,40,1.2973051550664307
536,uniform_biased___disconnected_testing,41,1.3020749242551155
537,uniform_biased___disconnected_testing,42,1.295763345744894
538,uniform_biased___disconnected_testing,43,1.2954640900267669
539,uniform_biased___disconnected_testing,44,1.2794278712091691
540,uniform_biased___disconnected_testing,45,1.295566854206753
541,uniform_biased___disconnected_testing,46,1.2799584741713406
542,uniform_biased___disconnected_testing,47,1.2983783656701071
543,uniform_biased___disconnected_testing,48,1.2885796146981643
544,uniform_biased___disconnected_testing,49,1.2823576634064193
545,uniform_biased___disconnected_testing,5,1.2903837206540494
546,uniform_biased___disconnected_testing,50,1.2774847842164399
547,uniform_biased___disconnected_testing,51,1.294629656790335
548,uniform_biased___disconnected_testing,52,1.2822243310481662
549,uniform_biased___disconnected_testing,53,1.2808827806842753
550,uniform_biased___disconnected_testing,54,1.2838807840946624
551,uniform_biased___disconnected_testing,55,1.3002622898240517
552,uniform_biased___disconnected_testing,56,1.2905103488316556
553,uniform_biased___disconnected_testing,57,1.2878735797279588
554,uniform_biased___disconnected_testing,58,1.3052277896898643
555,uniform_biased___disconnected_testing,59,1.284641232933367
556,uniform_biased___disconnected_testing,6,1.2956367298853138
557,uniform_biased___disconnected_testing,60,1.2972152685097156
558,uniform_biased___disconnected_testing,61,1.287521372873754
559,uniform_biased___disconnected_testing,62,1.29044838594724
560,uniform_biased___disconnected_testing,63,1.302118726003848
561,uniform_biased___disconnected_testing,64,1.2986422601250076
562,uniform_biased___disconnected_testing,65,1.294038510962414
563,uniform_biased___disconnected_testing,66,1.2972344364082502
564,uniform_biased___disconnected_testing,67,1.3001709194323081
565,uniform_biased___disconnected_testing,68,1.2804899874046278
566,uniform_biased___disconnected_testing,69,1.2715804933539325
567,uniform_biased___disconnected_testing,7,1.2950162872780508
568,uniform_biased___disconnected_testing,70,1.293823809231159
569,uniform_biased___disconnected_testing,71,1.2917037683895063
570,uniform_biased___disconnected_testing,72,1.2920459725675133
571,uniform_biased___disconnected_testing,73,1.282207844134088
572,uniform_biased___disconnected_testing,74,1.292341835785464
573,uniform_biased___disconnected_testing,75,1.2936372106319645
574,uniform_biased___disconnected_testing,76,1.2911369464745024
575,uniform_biased___disconnected_testing,77,1.2884063181575591
576,uniform_biased___disconnected_testing,78,1.2835245652221299
577,uniform_biased___disconnected_testing,79,1.29727968902134
578,uniform_biased___disconnected_testing,8,1.304398701927297
579,uniform_biased___disconnected_testing,80,1.2949321434114371
580,uniform_biased___disconnected_testing,81,1.2945147712225618
581,uniform_biased___disconnected_testing,82,1.2840851350670022
582,uniform_biased___disconnected_testing,83,1.2931334789360196
583,uniform_biased___disconnected_testing,84,1.2755514914932966
584,uniform_biased___disconnected_testing,85,1.2967836001062842
585,uniform_biased___disconnected_testing,86,1.2980865004989173
586,uniform_biased___disconnected_testing,87,1.2767028878571514
587,uniform_biased___disconnected_testing,88,1.2885926426742953
588,uniform_biased___disconnected_testing,89,1.2786953633912792
589,uniform_biased___disconnected_testing,9,1.3032803161739313
590,uniform_biased___disconnected_testing,90,1.2974571186086434
591,uniform_biased___disconnected_testing,91,1.2880498466560502
592,uniform_biased___disconnected_testing,92,1.2895559570720643
593,uniform_biased___disconnected_testing,93,1.2863047889995765
594,uniform_biased___disconnected_testing,94,1.3023031636035245
595,uniform_biased___disconnected_testing,95,1.2980565632549024
596,uniform_biased___disconnected_testing,96,1.2956791735578517
597,uniform_biased___disconnected_testing,97,1.308180277176284
598,uniform_biased___disconnected_testing,98,1.2982747297129724
599,uniform_biased___disconnected_testing,99,1.2988388847220493
600,uniform_biased_grid-walk_biased_disconnected_multiple_testing,0,1.3095198827245935
601,uniform_biased_grid-walk_biased_disconnected_multiple_testing,1,1.335331537357429
602,uniform_biased_grid-walk_biased_disconnected_multiple_testing,10,1.1668372747529112
603,uniform_biased_grid-walk_biased_disconnected_multiple_testing,11,1.3030413561739957
604,uniform_biased_grid-walk_biased_disconnected_multiple_testing,12,1.3584947214141405
605,uniform_biased_grid-walk_biased_disconnected_multiple_testing,13,1.1937404129186597
606,uniform_biased_grid-walk_biased_disconnected_multiple_testing,14,1.3240458572391476
607,uniform_biased_grid-walk_biased_disconnected_multiple_testing,15,1.2245807606589374
608,uniform_biased_grid-walk_biased_disconnected_multiple_testing,16,1.2893130668112265
609,uniform_biased_grid-walk_biased_disconnected_multiple_testing,17,1.3279723830457517
610,uniform_biased_grid-walk_biased_disconnected_multiple_testing,18,1.3103675291874048
611,uniform_biased_grid-walk_biased_disconnected_multiple_testing,19,1.3364811365546025
612,uniform_biased_grid-walk_biased_disconnected_multiple_testing,2,1.3023595094055014
613,uniform_biased_grid-walk_biased_disconnected_multiple_testing,20,1.3127485848679612
614,uniform_biased_grid-walk_biased_disconnected_multiple_testing,21,1.3323777922357365
615,uniform_biased_grid-walk_biased_disconnected_multiple_testing,22,1.3037263772072587
616,uniform_biased_grid-walk_biased_disconnected_multiple_testing,23,1.2534225771376506
617,uniform_biased_grid-walk_biased_disconnected_multiple_testing,24,1.296240777288684
618,uniform_biased_grid-walk_biased_disconnected_multiple_testing,25,1.2246197154182534
619,uniform_biased_grid-walk_biased_disconnected_multiple_testing,26,1.2739172631120637
620,uniform_biased_grid-walk_biased_disconnected_multiple_testing,27,1.1456372126839285
621,uniform_biased_grid-walk_biased_disconnected_multiple_testing,28,1.2220615807246875
622,uniform_biased_grid-walk_biased_disconnected_multiple_testing,29,1.2448408462574367
623,uniform_biased_grid-walk_biased_disconnected_multiple_testing,3,1.2807302630624426
624,uniform_biased_grid-walk_biased_disconnected_multiple_testing,30,1.2795718151161974
625,uniform_biased_grid-walk_biased_disconnected_multiple_testing,31,1.3434011181820829
626,uniform_biased_grid-walk_biased_disconnected_multiple_testing,32,1.2161576633516478
627,uniform_biased_grid-walk_biased_disconnected_multiple_testing,33,1.288559628493848
628,uniform_biased_grid-walk_biased_disconnected_multiple_testing,34,1.258075495084913
629,uniform_biased_grid-walk_biased_disconnected_multiple_testing,35,1.2830993020140813
630,uniform_biased_grid-walk_biased_disconnected_multiple_testing,36,1.291902109558674
631,uniform_biased_grid-walk_biased_disconnected_multiple_testing,37,1.3555091271842183
632,uniform_biased_grid-walk_biased_disconnected_multiple_testing,38,1.2035910656185551
633,uniform_biased_grid-walk_biased_disconnected_multiple_testing,39,1.2343354827068806
634,uniform_biased_grid-walk_biased_disconnected_multiple_testing,4,1.359508016758514
635,uniform_biased_grid-walk_biased_disconnected_multiple_testing,40,1.1850821676498169
636,uniform_biased_grid-walk_biased_disconnected_multiple_testing,41,1.2156147342532237
637,uniform_biased_grid-walk_biased_disconnected_multiple_testing,42,1.2686405576969995
638,uniform_biased_grid-walk_biased_disconnected_multiple_testing,43,1.2747487883855213
639,uniform_biased_grid-walk_biased_disconnected_multiple_testing,44,1.1753021578886838
640,uniform_biased_grid-walk_biased_disconnected_multiple_testing,45,1.3374575739411034
641,uniform_biased_grid-walk_biased_disconnected_multiple_testing,46,1.2852537172292244
642,uniform_biased_grid-walk_biased_disconnected_multiple_testing,47,1.2874230336918573
643,uniform_biased_grid-walk_biased_disconnected_multiple_testing,48,1.201260022552509
644,uniform_biased_grid-walk_biased_disconnected_multiple_testing,49,1.2529358276641545
645,uniform_biased_grid-walk_biased_disconnected_multiple_testing,5,1.310525270477682
646,uniform_biased_grid-walk_biased_disconnected_multiple_testing,50,1.249740862066179
647,uniform_biased_grid-walk_biased_disconnected_multiple_testing,51,1.303080151323466
648,uniform_biased_grid-walk_biased_disconnected_multiple_testing,52,1.1624778555797064
649,uniform_biased_grid-walk_biased_disconnected_multiple_testing,53,1.3538980269094216
650,uniform_biased_grid-walk_biased_disconnected_multiple_testing,54,1.2939210908473757
651,uniform_biased_grid-walk_biased_disconnected_multiple_testing,55,1.340544303263242
652,uniform_biased_grid-walk_biased_disconnected_multiple_testing,56,1.2943199020309764
653,uniform_biased_grid-walk_biased_disconnected_multiple_testing,57,1.334354287471121
654,uniform_biased_grid-walk_biased_disconnected_multiple_testing,58,1.2391256077919466
655,uniform_biased_grid-walk_biased_disconnected_multiple_testing,59,1.2705830519394001
656,uniform_biased_grid-walk_biased_disconnected_multiple_testing,6,1.3729696297403917
657,uniform_biased_grid-walk_biased_disconnected_multiple_testing,60,1.351719009714567
658,uniform_biased_grid-walk_biased_disconnected_multiple_testing,61,1.2805048699170978
659,uniform_biased_grid-walk_biased_disconnected_multiple_testing,62,1.2962855407232272
660,uniform_biased_grid-walk_biased_disconnected_multiple_testing,63,1.2963847328165363
661,uniform_biased_grid-walk_biased_disconnected_multiple_testing,64,1.3316904938212077
662,uniform_biased_grid-walk_biased_disconnected_multiple_testing,65,1.2683431332032207
663,uniform_biased_grid-walk_biased_disconnected_multiple_testing,66,1.2950408719565971
664,uniform_biased_grid-walk_biased_disconnected_multiple_testing,67,1.297414925515458
665,uniform_biased_grid-walk_biased_disconnected_multiple_testing,68,1.265080477706915
666,uniform_biased_grid-walk_biased_disconnected_multiple_testing,69,1.25004419747468
667,uniform_biased_grid-walk_biased_disconnected_multiple_testing,7,1.2528719087753295
668,uniform_biased_grid-walk_biased_disconnected_multiple_testing,70,1.1500560107976352
669,uniform_biased_grid-walk_biased_disconnected_multiple_testing,71,1.3414299890040233
670,uniform_biased_grid-walk_biased_disconnected_multiple_testing,72,1.2783304204421
671,uniform_biased_grid-walk_biased_disconnected_multiple_testing,73,1.2989296457042183
672,uniform_biased_grid-walk_biased_disconnected_multiple_testing,74,1.338169290843017
673,uniform_biased_grid-walk_biased_disconnected_multiple_testing,75,1.2831182905631913
674,uniform_biased_grid-walk_biased_disconnected_multiple_testing,76,1.3639666193631588
675,uniform_biased_grid-walk_biased_disconnected_multiple_testing,77,1.2737240721524206
676,uniform_biased_grid-walk_biased_disconnected_multiple_testing,78,1.3040772319593612
677,uniform_biased_grid-walk_biased_disconnected_multiple_testing,79,1.135058025175912
678,uniform_biased_grid-walk_biased_disconnected_multiple_testing,8,1.235850199099333
679,uniform_biased_grid-walk_biased_disconnected_multiple_testing,80,1.246205040848528
680,uniform_biased_grid-walk_biased_disconnected_multiple_testing,81,1.3018436833054967
681,uniform_biased_grid-walk_biased_disconnected_multiple_testing,82,1.2293013269000517
682,uniform_biased_grid-walk_biased_disconnected_multiple_testing,83,1.3682702685877364
683,uniform_biased_grid-walk_biased_disconnected_multiple_testing,84,1.2453834299079376
684,uniform_biased_grid-walk_biased_disconnected_multiple_testing,85,1.2159603307260998
685,uniform_biased_grid-walk_biased_disconnected_multiple_testing,86,1.2974566272180927
686,uniform_biased_grid-walk_biased_disconnected_multiple_testing,87,1.3192378235704671
687,uniform_biased_grid-walk_biased_disconnected_multiple_testing,88,1.276741535612785
688,uniform_biased_grid-walk_biased_disconnected_multiple_testing,89,1.3584011739188053
689,uniform_biased_grid-walk_biased_disconnected_multiple_testing,9,1.3118071936290912
690,uniform_biased_grid-walk_biased_disconnected_multiple_testing,90,1.2588232942515243
691,uniform_biased_grid-walk_biased_disconnected_multiple_testing,91,1.2703211986009508
692,uniform_biased_grid-walk_biased_disconnected_multiple_testing,92,1.2815383425895137
693,uniform_biased_grid-walk_biased_disconnected_multiple_testing,93,1.2513645560090227
694,uniform_biased_grid-walk_biased_disconnected_multiple_testing,94,1.3044059181448244
695,uniform_biased_grid-walk_biased_disconnected_multiple_testing,95,1.2974211121963
696,uniform_biased_grid-walk_biased_disconnected_multiple_testing,96,1.2135635407768024
697,uniform_biased_grid-walk_biased_disconnected_multiple_testing,97,1.2513238213607196
698,uniform_biased_grid-walk_biased_disconnected_multiple_testing,98,1.2747003466411855
699,uniform_biased_grid-walk_biased_disconnected_multiple_testing,99,1.2992048085726653
700,uniform_biased_grid-walk_biased_disconnected_single_testing,0,1.1274594563450766
701,uniform_biased_grid-walk_biased_disconnected_single_testing,1,-0.4425960066433141
702,uniform_biased_grid-walk_biased_disconnected_single_testing,10,1.2349209705822881
703,uniform_biased_grid-walk_biased_disconnected_single_testing,11,1.037148993110073
704,uniform_biased_grid-walk_biased_disconnected_single_testing,12,1.185875622151297
705,uniform_biased_grid-walk_biased_disconnected_single_testing,13,1.0976218379289513
706,uniform_biased_grid-walk_biased_disconnected_single_testing,14,1.171550209242096
707,uniform_biased_grid-walk_biased_disconnected_single_testing,15,-0.42263877961698637
708,uniform_biased_grid-walk_biased_disconnected_single_testing,16,1.2051695848730208
709,uniform_biased_grid-walk_biased_disconnected_single_testing,17,1.1297335978644556
710,uniform_biased_grid-walk_biased_disconnected_single_testing,18,1.0881135557301207
711,uniform_biased_grid-walk_biased_disconnected_single_testing,19,1.1534959494786063
712,uniform_biased_grid-walk_biased_disconnected_single_testing,2,1.2179783841084018
713,uniform_biased_grid-walk_biased_disconnected_single_testing,20,-0.4295744885038931
714,uniform_biased_grid-walk_biased_disconnected_single_testing,21,1.1960915974320312
715,uniform_biased_grid-walk_biased_disconnected_single_testing,22,0.9594911091614134
716,uniform_biased_grid-walk_biased_disconnected_single_testing,23,1.0084023690062702
717,uniform_biased_grid-walk_biased_disconnected_single_testing,24,1.0425203035949648
718,uniform_biased_grid-walk_biased_disconnected_single_testing,25,1.1076632721469268
719,uniform_biased_grid-walk_biased_disconnected_single_testing,26,1.2226215465429917
720,uniform_biased_grid-walk_biased_disconnected_single_testing,27,-0.4396438733523875
721,uniform_biased_grid-walk_biased_disconnected_single_testing,28,1.077002679998084
722,uniform_biased_grid-walk_biased_disconnected_single_testing,29,-0.4453306353066894
723,uniform_biased_grid-walk_biased_disconnected_single_testing,3,-0.43030825849636184
724,uniform_biased_grid-walk_biased_disconnected_single_testing,30,1.1255228970181665
725,uniform_biased_grid-walk_biased_disconnected_single_testing,31,-0.42229575561197796
726,uniform_biased_grid-walk_biased_disconnected_single_testing,32,1.146410701612735
727,uniform_biased_grid-walk_biased_disconnected_single_testing,33,1.2015251334560288
728,uniform_biased_grid-walk_biased_disconnected_single_testing,34,1.0294133764084785
729,uniform_biased_grid-walk_biased_disconnected_single_testing,35,1.2341463949842524
730,uniform_biased_grid-walk_biased_disconnected_single_testing,36,-0.4317642566731707
731,uniform_biased_grid-walk_biased_disconnected_single_testing,37,1.1578812392312838
732,uniform_biased_grid-walk_biased_disconnected_single_testing,38,1.159393923139932
733,uniform_biased_grid-walk_biased_disconnected_single_testing,39,1.192280204011293
734,uniform_biased_grid-walk_biased_disconnected_single_testing,4,-0.44083340442421715
735,uniform_biased_grid-walk_biased_disconnected_single_testing,40,-0.43892854116108676
736,uniform_biased_grid-walk_biased_disconnected_single_testing,41,-0.4426731566552992
737,uniform_biased_grid-walk_biased_disconnected_single_testing,42,1.0121459394599126
738,uniform_biased_grid-walk_biased_disconnected_single_testing,43,1.2220719511758313
739,uniform_biased_grid-walk_biased_disconnected_single_testing,44,1.0084108506292007
740,uniform_biased_grid-walk_biased_disconnected_single_testing,45,1.1912846932678538
741,uniform_biased_grid-walk_biased_disconnected_single_testing,46,1.0478909611738638
742,uniform_biased_grid-walk_biased_disconnected_single_testing,47,1.2279335753009548
743,uniform_biased_grid-walk_biased_disconnected_single_testing,48,1.2145878353571753
744,uniform_biased_grid-walk_biased_disconnected_single_testing,49,1.0016188570869222
745,uniform_biased_grid-walk_biased_disconnected_single_testing,5,-0.4392742570054589
746,uniform_biased_grid-walk_biased_disconnected_single_testing,50,1.0669566010838836
747,uniform_biased_grid-walk_biased_disconnected_single_testing,51,-0.43562744576790785
748,uniform_biased_grid-walk_biased_disconnected_single_testing,52,1.1411831353610042
749,uniform_biased_grid-walk_biased_disconnected_single_testing,53,0.8820482562300904
750,uniform_biased_grid-walk_biased_disconnected_single_testing,54,1.216029959864319
751,uniform_biased_grid-walk_biased_disconnected_single_testing,55,1.137671810460125
752,uniform_biased_grid-walk_biased_disconnected_single_testing,56,1.1852388998381131
753,uniform_biased_grid-walk_biased_disconnected_single_testing,57,0.9971036093416451
754,uniform_biased_grid-walk_biased_disconnected_single_testing,58,1.1895291171345286
755,uniform_biased_grid-walk_biased_disconnected_single_testing,59,-0.4347621269261656
756,uniform_biased_grid-walk_biased_disconnected_single_testing,6,1.1302311937657792
757,uniform_biased_grid-walk_biased_disconnected_single_testing,60,1.1444934979319155
758,uniform_biased_grid-walk_biased_disconnected_single_testing,61,1.141713638397217
759,uniform_biased_grid-walk_biased_disconnected_single_testing,62,1.1410638187660123
760,uniform_biased_grid-walk_biased_disconnected_single_testing,63,0.9375171917916092
761,uniform_biased_grid-walk_biased_disconnected_single_testing,64,-0.4359902916402412
762,uniform_biased_grid-walk_biased_disconnected_single_testing,65,1.1517029423703038
763,uniform_biased_grid-walk_biased_disconnected_single_testing,66,-0.4448188202359317
764,uniform_biased_grid-walk_biased_disconnected_single_testing,67,-0.42818081499629734
765,uniform_biased_grid-walk_biased_disconnected_single_testing,68,-0.4296712803282935
766,uniform_biased_grid-walk_biased_disconnected_single_testing,69,-0.4507459182532104
767,uniform_biased_grid-walk_biased_disconnected_single_testing,7,1.1546094882186249
768,uniform_biased_grid-walk_biased_disconnected_single_testing,70,1.1452611878682486
769,uniform_biased_grid-walk_biased_disconnected_single_testing,71,1.145226577579636
770,uniform_biased_grid-walk_biased_disconnected_single_testing,72,1.1988399298957568
771,uniform_biased_grid-walk_biased_disconnected_single_testing,73,-0.4286009077134764
772,uniform_biased_grid-walk_biased_disconnected_single_testing,74,-0.44132095527200255
773,uniform_biased_grid-walk_biased_disconnected_single_testing,75,-0.4423757886569667
774,uniform_biased_grid-walk_biased_disconnected_single_testing,76,-0.4402605677880095
775,uniform_biased_grid-walk_biased_disconnected_single_testing,77,1.162393850287179
776,uniform_biased_grid-walk_biased_disconnected_single_testing,78,0.9987857293924637
777,uniform_biased_grid-walk_biased_disconnected_single_testing,79,1.2196295826274564
778,uniform_biased_grid-walk_biased_disconnected_single_testing,8,0.8533228539297066
779,uniform_biased_grid-walk_biased_disconnected_single_testing,80,-0.44199407208970254
780,uniform_biased_grid-walk_biased_disconnected_single_testing,81,1.0239746353664392
781,uniform_biased_grid-walk_biased_disconnected_single_testing,82,1.057932412734876
782,uniform_biased_grid-walk_biased_disconnected_single_testing,83,1.130752047494278
783,uniform_biased_grid-walk_biased_disconnected_single_testing,84,-0.44889919606209305
784,uniform_biased_grid-walk_biased_disconnected_single_testing,85,1.1537481798191398
785,uniform_biased_grid-walk_biased_disconnected_single_testing,86,1.0950689402634695
786,uniform_biased_grid-walk_biased_disconnected_single_testing,87,1.1935438073193683
787,uniform_biased_grid-walk_biased_disconnected_single_testing,88,0.9545399109524653
788,uniform_biased_grid-walk_biased_disconnected_single_testing,89,-0.4555521800904469
789,uniform_biased_grid-walk_biased_disconnected_single_testing,9,1.1995384803723794
790,uniform_biased_grid-walk_biased_disconnected_single_testing,90,1.1420503810262166
791,uniform_biased_grid-walk_biased_disconnected_single_testing,91,-0.42945308278001537
792,uniform_biased_grid-walk_biased_disconnected_single_testing,92,-0.44614365009407647
793,uniform_biased_grid-walk_biased_disconnected_single_testing,93,1.0641809493552024
794,uniform_biased_grid-walk_biased_disconnected_single_testing,94,1.1252514836295469
795,uniform_biased_grid-walk_biased_disconnected_single_testing,95,0.9733095485730772
796,uniform_biased_grid-walk_biased_disconnected_single_testing,96,0.929642006880275
797,uniform_biased_grid-walk_biased_disconnected_single_testing,97,-0.4349141194619273
798,uniform_biased_grid-walk_biased_disconnected_single_testing,98,1.0149463866820565
799,uniform_biased_grid-walk_biased_disconnected_single_testing,99,1.2255142834958244
